-------------------------------
---  最小系统
-------------------------------
DROP TABLE IF EXISTS SYS_AREA;
CREATE TABLE SYS_AREA (
  ID BIGINT(20) NOT NULL ,
  PARENT_ID BIGINT(20) NOT NULL ,
  PARENT_IDS VARCHAR(255) NOT NULL ,
  CODE VARCHAR(32) DEFAULT NULL ,
  NAME VARCHAR(100) NOT NULL ,
  LEVEL TINYINT(4) DEFAULT NULL,
  TYPE TINYINT(4) DEFAULT NULL ,
  PATH VARCHAR(255) DEFAULT NULL,
  SORT INT(11) DEFAULT '0' ,
  CREATE_ID BIGINT(20) DEFAULT NULL ,
  CREATE_NAME VARCHAR(100) DEFAULT NULL ,
  CREATE_DATE DATETIME DEFAULT NULL ,
  UPDATE_DATE DATETIME DEFAULT NULL ,
  PRIMARY KEY (ID),
  UNIQUE KEY CODE (CODE) USING BTREE
);

DROP TABLE IF EXISTS SYS_ATTACHMENT;
CREATE TABLE SYS_ATTACHMENT (
  ID BIGINT(20) NOT NULL ,
  DIR_ID BIGINT(20) NOT NULL ,
  UNIQUE_CODE VARCHAR(64) DEFAULT NULL ,
  NAME VARCHAR(100) NOT NULL ,
  SIZE INT(11) DEFAULT '0' ,
  TYPE VARCHAR(20) NOT NULL ,
  STORAGE_NAME VARCHAR(255) NOT NULL ,
  STORAGE_URL VARCHAR(255) NOT NULL ,
  CREATE_ID BIGINT(20) DEFAULT NULL ,
  CREATE_NAME VARCHAR(100) DEFAULT NULL ,
  CREATE_DATE DATETIME DEFAULT NULL ,
  UPDATE_ID BIGINT(20) DEFAULT NULL ,
  UPDATE_NAME VARCHAR(100) DEFAULT NULL ,
  UPDATE_DATE DATETIME DEFAULT NULL ,
  DEL_FLAG TINYINT(4) NOT NULL DEFAULT '0' ,
  PRIMARY KEY (ID)
);

DROP TABLE IF EXISTS SYS_ATTACHMENT_DIR;
CREATE TABLE SYS_ATTACHMENT_DIR (
  ID BIGINT(20) NOT NULL ,
  PARENT_ID BIGINT(20) NOT NULL ,
  PARENT_IDS VARCHAR(2000) NOT NULL ,
  NAME VARCHAR(100) NOT NULL ,
  CODE VARCHAR(20) DEFAULT NULL ,
  CREATE_ID BIGINT(20) DEFAULT NULL ,
  CREATE_NAME VARCHAR(100) DEFAULT NULL ,
  CREATE_DATE DATETIME DEFAULT NULL ,
  UPDATE_ID BIGINT(20) DEFAULT NULL ,
  UPDATE_NAME VARCHAR(100) DEFAULT NULL ,
  UPDATE_DATE DATETIME DEFAULT NULL ,
  DEL_FLAG TINYINT(4) NOT NULL DEFAULT '0' ,
  LEVEL TINYINT(4) DEFAULT NULL,
  PATH VARCHAR(2000) DEFAULT NULL,
  PRIMARY KEY (ID)
);

DROP TABLE IF EXISTS SYS_DICT;
CREATE TABLE SYS_DICT (
  ID BIGINT(20) NOT NULL ,
  NAME VARCHAR(200) NOT NULL ,
  CODE VARCHAR(200) NOT NULL ,
  VALUE VARCHAR(2000) NOT NULL ,
  SORT INT(11) DEFAULT '0' ,
  CREATE_ID BIGINT(20) DEFAULT NULL ,
  CREATE_NAME VARCHAR(100) DEFAULT NULL ,
  CREATE_DATE DATETIME DEFAULT NULL ,
  PRIMARY KEY (ID)
);

DROP TABLE IF EXISTS SYS_DUAL;
CREATE TABLE SYS_DUAL (
  X CHAR(1) NOT NULL DEFAULT 'X' ,
  PRIMARY KEY (X)
);

DROP TABLE IF EXISTS SYS_EMAIL_TASK;
CREATE TABLE SYS_EMAIL_TASK (
  ID BIGINT(20) NOT NULL ,
  EMAIL_FORM VARCHAR(64) DEFAULT NULL ,
  EMAIL_TITLE VARCHAR(255) DEFAULT NULL ,
  EMAIL_TO VARCHAR(1000) DEFAULT NULL ,
  EMAIL_CC VARCHAR(1000) DEFAULT NULL ,
  EMAIL_TEMPLATE VARCHAR(100) DEFAULT NULL ,
  EMAIL_CONTENT TEXT ,
  CREATE_ID BIGINT(20) DEFAULT NULL ,
  CREATE_NAME VARCHAR(100) DEFAULT NULL ,
  CREATE_DATE DATETIME DEFAULT NULL ,
  SEND_FLAG TINYINT(4) DEFAULT NULL ,
  STATUS TINYINT(4) DEFAULT NULL ,
  PRIMARY KEY (ID)
);

DROP TABLE IF EXISTS SYS_EMAIL_TASK_OLD;
CREATE TABLE SYS_EMAIL_TASK_OLD (
  ID BIGINT(20) NOT NULL ,
  EMAIL_FORM VARCHAR(64) DEFAULT NULL ,
  EMAIL_TITLE VARCHAR(255) DEFAULT NULL ,
  EMAIL_TO VARCHAR(1000) DEFAULT NULL ,
  EMAIL_CC VARCHAR(1000) DEFAULT NULL ,
  EMAIL_TEMPLATE VARCHAR(100) DEFAULT NULL ,
  EMAIL_CONTENT TEXT ,
  CREATE_ID BIGINT(20) DEFAULT NULL ,
  CREATE_NAME VARCHAR(100) DEFAULT NULL ,
  CREATE_DATE DATETIME DEFAULT NULL ,
  SEND_FLAG TINYINT(4) DEFAULT NULL ,
  STATUS TINYINT(4) DEFAULT NULL ,
  PRIMARY KEY (ID)
);

DROP TABLE IF EXISTS SYS_EXCEL_ITEM;
CREATE TABLE SYS_EXCEL_ITEM (
  ID BIGINT(20) NOT NULL,
  NAME VARCHAR(100) DEFAULT NULL,
  TEMPLATE_ID BIGINT(20) DEFAULT NULL,
  COLUMN_NAME VARCHAR(32) DEFAULT NULL,
  PROPERTY VARCHAR(64) DEFAULT NULL,
  DATA_TYPE VARCHAR(32) DEFAULT NULL,
  DATA_FORMAT VARCHAR(255) DEFAULT NULL,
  VERIFY_TYPE VARCHAR(32) DEFAULT NULL,
  VERIFY_FORMAT VARCHAR(255) DEFAULT NULL,
  PRIMARY KEY (ID)
);

DROP TABLE IF EXISTS SYS_EXCEL_TEMPLATE;
CREATE TABLE SYS_EXCEL_TEMPLATE (
  ID BIGINT(20) NOT NULL,
  NAME VARCHAR(200) DEFAULT NULL,
  TYPE VARCHAR(200) DEFAULT NULL,
  TARGET_CLASS VARCHAR(128) DEFAULT NULL,
  START_ROW TINYINT(4) DEFAULT NULL,
  CREATE_ID BIGINT(20) DEFAULT NULL,
  CREATE_NAME VARCHAR(100) DEFAULT NULL,
  CREATE_DATE DATETIME DEFAULT NULL,
  EXTEND_ATTR VARCHAR(200) DEFAULT NULL,
  PRIMARY KEY (ID)
);

DROP TABLE IF EXISTS SYS_GROUP;
CREATE TABLE SYS_GROUP (
  ID BIGINT(20) NOT NULL ,
  NAME VARCHAR(100) NOT NULL ,
  CODE VARCHAR(100) DEFAULT NULL ,
  CREATE_ID BIGINT(20) DEFAULT NULL ,
  CREATE_NAME VARCHAR(100) DEFAULT NULL ,
  CREATE_DATE DATETIME DEFAULT NULL ,
  UPDATE_ID BIGINT(20) DEFAULT NULL ,
  UPDATE_NAME VARCHAR(100) DEFAULT NULL ,
  UPDATE_DATE DATETIME DEFAULT NULL ,
  REMARKS VARCHAR(255) DEFAULT NULL ,
  DEL_FLAG TINYINT(4) NOT NULL DEFAULT '0' ,
  PRIMARY KEY (ID)
);

DROP TABLE IF EXISTS SYS_GROUP_ROLE;
CREATE TABLE SYS_GROUP_ROLE (
  GROUP_ID BIGINT(20) NOT NULL ,
  ROLE_ID BIGINT(20) NOT NULL ,
  PRIMARY KEY (GROUP_ID,ROLE_ID)
);

DROP TABLE IF EXISTS SYS_GROUP_USER;
CREATE TABLE SYS_GROUP_USER (
  GROUP_ID BIGINT(20) NOT NULL ,
  USER_ID BIGINT(20) NOT NULL ,
  PRIMARY KEY (GROUP_ID,USER_ID)
);

DROP TABLE IF EXISTS SYS_ID_STORE;
CREATE TABLE SYS_ID_STORE (
  TABLE_NAME VARCHAR(100) NOT NULL,
  MIN_VALUE DECIMAL(20,0) NOT NULL,
  CURRENT_VALUE DECIMAL(20,0) NOT NULL,
  MAX_VALUE DECIMAL(20,0) NOT NULL,
  STEP DECIMAL(4,0) NOT NULL,
  REMARK VARCHAR(255) DEFAULT NULL,
  PRIMARY KEY (TABLE_NAME)
);

DROP TABLE IF EXISTS SYS_LOG;
CREATE TABLE SYS_LOG (
  ID BIGINT(20) NOT NULL ,
  TYPE TINYINT(4) DEFAULT '1' ,
  CREATE_ID BIGINT(20) DEFAULT NULL ,
  CREATE_NAME VARCHAR(100) DEFAULT NULL ,
  CREATE_DATE DATETIME DEFAULT NULL ,
  REMOTE_ADDR VARCHAR(255) DEFAULT NULL ,
  USER_AGENT VARCHAR(255) DEFAULT NULL ,
  REQUEST_URI VARCHAR(255) DEFAULT NULL ,
  METHOD VARCHAR(5) DEFAULT NULL ,
  DEAL_TIME INT(11) DEFAULT NULL ,
  EXCEPTION VARCHAR(255) DEFAULT NULL ,
  CLIENT_TYPE VARCHAR(20) DEFAULT NULL ,
  REQUEST_MAKE VARCHAR(32) DEFAULT NULL ,
  REFERER VARCHAR(255) DEFAULT NULL 
);

DROP TABLE IF EXISTS SYS_MENU;
CREATE TABLE SYS_MENU (
  ID BIGINT(20) NOT NULL ,
  PARENT_ID BIGINT(20) NOT NULL ,
  PARENT_IDS VARCHAR(2000) NOT NULL ,
  NAME VARCHAR(100) NOT NULL ,
  HREF VARCHAR(255) DEFAULT NULL ,
  TARGET VARCHAR(20) DEFAULT NULL ,
  ICON_CLASS VARCHAR(100) DEFAULT NULL ,
  SORT INT(11) NOT NULL ,
  LEVEL INT(11) NOT NULL ,
  TYPE INT(11) NOT NULL ,
  QUICK_MENU VARCHAR(100) DEFAULT NULL,
  TOP_MENU VARCHAR(100) DEFAULT NULL,
  IS_SHOW TINYINT(4) NOT NULL DEFAULT '1' ,
  IS_ACTIVITI TINYINT(4) DEFAULT '0' ,
  PERMISSION VARCHAR(200) DEFAULT NULL ,
  CREATE_ID BIGINT(20) DEFAULT NULL ,
  CREATE_NAME VARCHAR(100) DEFAULT NULL ,
  CREATE_DATE DATETIME DEFAULT NULL ,
  UPDATE_ID BIGINT(20) DEFAULT NULL ,
  UPDATE_NAME VARCHAR(100) DEFAULT NULL ,
  UPDATE_DATE DATETIME DEFAULT NULL ,
  REMARKS VARCHAR(255) DEFAULT NULL ,
  DEL_FLAG CHAR(1) NOT NULL DEFAULT '0' ,
  DEGREE VARCHAR(20) DEFAULT NULL ,
  SUB_MENU VARCHAR(255) DEFAULT NULL ,
  PRIMARY KEY (ID)
);

DROP TABLE IF EXISTS SYS_MESSAGE;
CREATE TABLE SYS_MESSAGE (
  ID BIGINT(20) NOT NULL ,
  TITLE VARCHAR(255) DEFAULT NULL ,
  CONTENT VARCHAR(1000) DEFAULT NULL ,
  SEND_USER_ID BIGINT(20) DEFAULT NULL ,
  SEND_USER_NAME VARCHAR(100)  DEFAULT NULL ,
  SEND_TIME DATETIME DEFAULT NULL ,
  RECEIVER_USER_ID BIGINT(20) DEFAULT NULL ,
  RECEIVER_USER_NAME VARCHAR(100)  DEFAULT NULL ,
  VIEW_TIME DATETIME DEFAULT NULL ,
  STATUS TINYINT(4) DEFAULT NULL ,
  MSG_BOX VARCHAR(10) NOT NULL ,
  OWN BIGINT(20) NOT NULL ,
  DEL_FALG TINYINT(4) NOT NULL DEFAULT '0' ,
  RELA_TITLE VARCHAR(100) DEFAULT NULL ,
  RELA_URL VARCHAR(255) DEFAULT NULL ,
  PRIMARY KEY (ID)
);

DROP TABLE IF EXISTS SYS_NOTICE_SETTING;
CREATE TABLE SYS_NOTICE_SETTING (
  ID TINYINT(4) NOT NULL ,
  NAME VARCHAR(100) NOT NULL ,
  TEMPLATE_MSG TINYINT(4) DEFAULT '0' ,
  SITE_MSG TINYINT(4) DEFAULT '0' ,
  UPDATE_DATE DATETIME DEFAULT NULL ,
  SMS_MSG TINYINT(4) DEFAULT '0' ,
  PRIMARY KEY (ID)
);

DROP TABLE IF EXISTS SYS_NOTICE_TASK;
CREATE TABLE SYS_NOTICE_TASK (
  ID BIGINT(20) NOT NULL ,
  MSG VARCHAR(2000) NOT NULL ,
  APP VARCHAR(100) NOT NULL ,
  TYPE TINYINT(4) NOT NULL DEFAULT '0' ,
  STATE TINYINT(4) NOT NULL DEFAULT '0' ,
  RESET TINYINT(4) NOT NULL DEFAULT '0' ,
  SOURCE VARCHAR(32) NOT NULL ,
  CREATE_DATE DATETIME DEFAULT NULL ,
  UPDATE_DATE DATETIME DEFAULT NULL ,
  PRIMARY KEY (SOURCE)
);

DROP TABLE IF EXISTS SYS_OFFICE;
CREATE TABLE SYS_OFFICE (
  ID BIGINT(20) NOT NULL ,
  PARENT_ID BIGINT(20) NOT NULL ,
  PARENT_IDS VARCHAR(2000) NOT NULL ,
  AREA_ID VARCHAR(255) DEFAULT NULL ,
  AREA_NAME VARCHAR(255) DEFAULT NULL ,
  CODE VARCHAR(100) DEFAULT NULL ,
  NAME VARCHAR(100) NOT NULL ,
  TYPE TINYINT(4) NOT NULL ,
  ADDRESS VARCHAR(255) DEFAULT NULL ,
  ZIP_CODE VARCHAR(100) DEFAULT NULL ,
  MASTER VARCHAR(100) DEFAULT NULL ,
  PHONE VARCHAR(200) DEFAULT NULL ,
  FAX VARCHAR(200) DEFAULT NULL ,
  EMAIL VARCHAR(200) DEFAULT NULL ,
  CREATE_ID BIGINT(20) DEFAULT NULL ,
  CREATE_NAME VARCHAR(100) DEFAULT NULL ,
  CREATE_DATE DATETIME DEFAULT NULL ,
  UPDATE_ID BIGINT(20) DEFAULT NULL ,
  UPDATE_NAME VARCHAR(100) DEFAULT NULL ,
  UPDATE_DATE DATETIME DEFAULT NULL ,
  REMARKS VARCHAR(255) DEFAULT NULL ,
  DEL_FLAG TINYINT(4) NOT NULL DEFAULT '0' ,
  LEVEL TINYINT(4) DEFAULT NULL,
  PATH VARCHAR(2000) DEFAULT NULL,
  PRIMARY KEY (ID)
);

DROP TABLE IF EXISTS SYS_ROLE;
CREATE TABLE SYS_ROLE (
  ID BIGINT(20) NOT NULL ,
  OFFICE_ID BIGINT(20) DEFAULT NULL ,
  NAME VARCHAR(100) NOT NULL ,
  DATA_SCOPE VARCHAR(20) DEFAULT NULL ,
  CODE VARCHAR(30) DEFAULT NULL,
  PERMISSION VARCHAR(200) DEFAULT NULL ,
  CREATE_ID BIGINT(20) DEFAULT NULL ,
  CREATE_NAME VARCHAR(100) DEFAULT NULL ,
  CREATE_DATE DATETIME DEFAULT NULL ,
  UPDATE_ID BIGINT(20) DEFAULT NULL ,
  UPDATE_NAME VARCHAR(100) DEFAULT NULL ,
  UPDATE_DATE DATETIME DEFAULT NULL ,
  REMARKS VARCHAR(255) DEFAULT NULL ,
  DEL_FLAG TINYINT(4) NOT NULL DEFAULT '0' ,
  PRIMARY KEY (ID)
);

DROP TABLE IF EXISTS SYS_ROLE_MENU;
CREATE TABLE SYS_ROLE_MENU (
  ROLE_ID BIGINT(20) NOT NULL ,
  MENU_ID BIGINT(20) NOT NULL ,
  PRIMARY KEY (ROLE_ID,MENU_ID)
);

DROP TABLE IF EXISTS SYS_ROLE_USER;
CREATE TABLE SYS_ROLE_USER (
  USER_ID BIGINT(20) NOT NULL ,
  ROLE_ID BIGINT(20) NOT NULL ,
  PRIMARY KEY (USER_ID,ROLE_ID)
);

DROP TABLE IF EXISTS SYS_SITE;
CREATE TABLE SYS_SITE (
  ID BIGINT(20) NOT NULL ,
  NAME VARCHAR(100) DEFAULT NULL ,
  SITE_URL VARCHAR(100) DEFAULT NULL ,
  LOGO VARCHAR(255) DEFAULT NULL ,
  SHORT_NAME VARCHAR(100) DEFAULT NULL ,
  KEYWORDS VARCHAR(255) DEFAULT NULL ,
  DESCRIPTION VARCHAR(255) DEFAULT NULL ,
  COMPANY VARCHAR(100) DEFAULT NULL ,
  ADDRESS VARCHAR(100) DEFAULT NULL ,
  PHONE VARCHAR(100) DEFAULT NULL ,
  ZIP_CODE VARCHAR(100) DEFAULT NULL ,
  EMAIL VARCHAR(100) DEFAULT NULL ,
  CERTTEXT VARCHAR(100) DEFAULT NULL ,
  IS_SITE_ENABLED TINYINT(4) DEFAULT '1' ,
  SITE_CLOSE_MESSAGE VARCHAR(500) DEFAULT NULL ,
  LOCALE VARCHAR(10) DEFAULT 'ZH_CN' ,
  WATERMARK_ALPHA VARCHAR(10) DEFAULT '50' ,
  WATERMARK_IMAGE_FILE VARCHAR(255) DEFAULT NULL ,
  WATERMARK_POSITION VARCHAR(2) DEFAULT 'RB' ,
  IS_REGISTER_ENABLED TINYINT(4) DEFAULT '1' ,
  DISABLED_USERNAME VARCHAR(255) DEFAULT 'ADMIN' ,
  USERNAME_MIN_LENGTH INT(11) DEFAULT '6' ,
  USERNAME_MAX_LENGTH INT(11) DEFAULT '30' ,
  PASSWORD_MIN_LENGTH INT(11) DEFAULT '6' ,
  PASSWORD_MAX_LENGTH INT(11) DEFAULT '30' ,
  REGISTER_POINT INT(11) DEFAULT '0' ,
  REGISTER_AGREEMENT VARCHAR(500) DEFAULT NULL ,
  IS_EMAIL_LOGIN TINYINT(4) DEFAULT '1' ,
  ACCOUNT_LOCK_COUNT INT(11) DEFAULT '5' ,
  ACCOUNT_LOCK_TIME INT(11) DEFAULT '30' ,
  SAFE_KEY_EXPIRY_TIME INT(11) DEFAULT '30' ,
  UPLOAD_MAX_SIZE INT(11) DEFAULT '10' ,
  UPLOAD_IMAGE_MAX_SIZE INT(11) DEFAULT '10' ,
  UPLOAD_MEDIA_MAX_SIZE INT(11) DEFAULT '10' ,
  UPLOAD_FILE_MAX_SIZE INT(11) DEFAULT '10' ,
  UPLOAD_IMAGE_EXTENSION VARCHAR(255) DEFAULT 'JPG,JPEG,BMP,GIF,PNG' ,
  UPLOAD_MEDIA_EXTENSION VARCHAR(255) DEFAULT 'SWF,FLV,MP3,WAV,AVI,RM,RMVB' ,
  UPLOAD_FILE_EXTENSION VARCHAR(255) DEFAULT 'ZIP,RAR,7Z,DOC,DOCX,XLS,XLSX,PPT,PPTX' ,
  IMAGE_UPLOAD_PATH VARCHAR(255) DEFAULT NULL ,
  MEDIA_UPLOAD_PATH VARCHAR(255) DEFAULT NULL ,
  FILE_UPLOAD_PATH VARCHAR(255) DEFAULT NULL ,
  SMTP_HOST VARCHAR(20) DEFAULT NULL ,
  SMTP_PORT VARCHAR(10) DEFAULT NULL ,
  SMTP_USERNAME VARCHAR(100) DEFAULT NULL ,
  SMTP_PASSWORD VARCHAR(100) DEFAULT NULL ,
  SMTP_SSL_ENABLED TINYINT(4) DEFAULT '0' ,
  SMTP_ANONYMOUS_ENABLED TINYINT(4) DEFAULT '0' ,
  SMTP_TIMEOUT VARCHAR(100) DEFAULT NULL ,
  IS_MULTI_LOGIN TINYINT(4) DEFAULT '1' ,
  PRIMARY KEY (ID)
);

DROP TABLE IF EXISTS SYS_TASK;
CREATE TABLE SYS_TASK (
  ID BIGINT(20) NOT NULL ,
  NAME VARCHAR(64) NOT NULL ,
  CRON_EXPRESSION VARCHAR(100) DEFAULT NULL ,
  ALLOW_EXECUTE_COUNT INT(11) DEFAULT NULL ,
  YET_EXECUTE_COUNT INT(11) DEFAULT '0' ,
  FAIL_EXECUTE_COUNT INT(11) DEFAULT '0' ,
  PRE_EXECUTE_TIME DATETIME DEFAULT NULL ,
  NEXT_EXECUTE_TIME DATETIME DEFAULT NULL ,
  BUSINESS_OBJECT VARCHAR(200) DEFAULT NULL ,
  BUSINESS_OBJECT_NAME VARCHAR(200) DEFAULT NULL ,
  TASK_STATUS VARCHAR(10) DEFAULT '0' ,
  MANUAL_OPERATION INT(11) DEFAULT NULL ,
  CREATE_ID BIGINT(20) DEFAULT NULL ,
  CREATE_NAME VARCHAR(100) DEFAULT NULL ,
  CREATE_DATE DATETIME DEFAULT NULL ,
  UPDATE_ID BIGINT(20) DEFAULT NULL ,
  UPDATE_NAME VARCHAR(100) DEFAULT NULL ,
  UPDATE_DATE DATETIME DEFAULT NULL ,
  REMARKS VARCHAR(255) DEFAULT NULL ,
  DEL_FLAG TINYINT(4) NOT NULL DEFAULT '0' ,
  CONCURRENT TINYINT(4) NOT NULL DEFAULT '0' ,
  PARAMS VARCHAR(255) DEFAULT NULL ,
  OPS VARCHAR(255) DEFAULT NULL ,
  PRIMARY KEY (ID)
);

DROP TABLE IF EXISTS SYS_TEMPLATE;
CREATE TABLE SYS_TEMPLATE (
  ID BIGINT(20) NOT NULL ,
  NAME VARCHAR(255) DEFAULT NULL ,
  CODE VARCHAR(50) DEFAULT NULL ,
  CONTENT LONGTEXT ,
  CREATE_ID BIGINT(20) DEFAULT NULL ,
  CREATE_NAME VARCHAR(100) DEFAULT NULL ,
  CREATE_DATE DATETIME DEFAULT NULL ,
  REMARKS VARCHAR(255) DEFAULT NULL ,
  PRIMARY KEY (ID)
);


DROP TABLE IF EXISTS SYS_THIRD_ACCOUNT;
CREATE TABLE SYS_THIRD_ACCOUNT (
  ID BIGINT(20) NOT NULL ,
  OPEN_ID VARCHAR(200) NOT NULL ,
  USER_ID BIGINT(20) NOT NULL ,
  SOURCE VARCHAR(10) NOT NULL ,
  ACCESS_TOKEN VARCHAR(200) DEFAULT NULL ,
  EXPIRES_IN VARCHAR(64) DEFAULT NULL ,
  REFRESH_TOKEN VARCHAR(200) DEFAULT NULL ,
  UNION_ID VARCHAR(200) DEFAULT NULL ,
  CREATE_DATE DATETIME DEFAULT NULL ,
  UPDATE_DATE DATETIME DEFAULT NULL ,
  PRIMARY KEY (ID),
  UNIQUE KEY OPEN_ID (OPEN_ID,SOURCE) USING BTREE
);

DROP TABLE IF EXISTS SYS_UPDATE_DATA;
CREATE TABLE SYS_UPDATE_DATA (
  ID BIGINT(20) NOT NULL ,
  MSG VARCHAR(30) DEFAULT NULL ,
  MODULE TINYINT(4) NOT NULL DEFAULT '0' ,
  OPT TINYINT(4) NOT NULL DEFAULT '0' ,
  STATE TINYINT(4) NOT NULL DEFAULT '0' ,
  PRIMARY KEY (ID)
);

DROP TABLE IF EXISTS SYS_USER;
CREATE TABLE SYS_USER (
  ID BIGINT(20) NOT NULL ,
  OFFICE_ID BIGINT(20) DEFAULT NULL ,
  LOGIN_NAME VARCHAR(100) DEFAULT NULL ,
  PASSWORD VARCHAR(200) DEFAULT NULL ,
  NO VARCHAR(100) DEFAULT NULL ,
  HEADIMG VARCHAR(255) DEFAULT NULL ,
  NAME VARCHAR(100)  DEFAULT NULL ,
  EMAIL VARCHAR(200) DEFAULT NULL ,
  MOBILE VARCHAR(200) DEFAULT NULL ,
  SEX TINYINT(4) DEFAULT NULL ,
  PROVINCE VARCHAR(100) DEFAULT NULL ,
  CITY VARCHAR(100) DEFAULT NULL ,
  LOGIN_IP VARCHAR(100) DEFAULT NULL ,
  LOGIN_DATE DATETIME DEFAULT NULL ,
  STATUS TINYINT(4) DEFAULT '1' ,
  USER_TYPE VARCHAR(20) DEFAULT NULL ,
  CREATE_ID BIGINT(20) DEFAULT NULL ,
  CREATE_NAME VARCHAR(100) DEFAULT NULL ,
  CREATE_DATE DATETIME DEFAULT NULL ,
  UPDATE_DATE DATETIME DEFAULT NULL ,
  REMARKS VARCHAR(255) DEFAULT NULL ,
  DEL_FLAG TINYINT(4) NOT NULL DEFAULT '0' ,
  SECRET_KEY VARCHAR(64) DEFAULT NULL ,
  EXPIRES_DATE DATETIME DEFAULT NULL ,
  PRIMARY KEY (ID)
);

DROP TABLE IF EXISTS SYS_USER_ACCOUNT;
CREATE TABLE SYS_USER_ACCOUNT (
  ID VARCHAR(32) NOT NULL ,
  USER_ID BIGINT(20) NOT NULL ,
  TYPE TINYINT(4) NOT NULL ,
  SUBJECT VARCHAR(100) DEFAULT NULL ,
  PRIMARY KEY (ID)
);

DROP TABLE IF EXISTS SYS_USER_NO;
CREATE TABLE SYS_USER_NO (
  ID VARCHAR(32) NOT NULL ,
  USER_ID BIGINT(20) NOT NULL ,
  PRIMARY KEY (ID)
);

DROP TABLE IF EXISTS SYS_USER_ONLINE;
CREATE TABLE SYS_USER_ONLINE (
  ID BIGINT(20) NOT NULL ,
  USER_ID VARCHAR(64) DEFAULT NULL ,
  USER_NAME VARCHAR(100)  DEFAULT NULL ,
  START_TIME DATETIME DEFAULT NULL ,
  LAST_ACCESS_TIME DATETIME DEFAULT NULL ,
  PRIMARY KEY (ID)
);

DROP TABLE IF EXISTS SYS_USER_RUNAS;
CREATE TABLE SYS_USER_RUNAS (
  USER_ID BIGINT(20) NOT NULL ,
  GRANT_USER_ID BIGINT(20) NOT NULL ,
  PRIMARY KEY (USER_ID,GRANT_USER_ID)
);

DROP TABLE IF EXISTS SYS_USER_SESSION;
CREATE TABLE SYS_USER_SESSION (
  USER_ID BIGINT(20) NOT NULL ,
  SESSION_ID VARCHAR(64) NOT NULL ,
  UPDATE_TIME DATETIME NOT NULL ,
  PRIMARY KEY (USER_ID)
);

DROP TABLE IF EXISTS SYS_USER_UNION;
CREATE TABLE SYS_USER_UNION (
  ID VARCHAR(32) NOT NULL ,
  USER_ID BIGINT(20) NOT NULL ,
  PRIMARY KEY (ID)
);

DROP TABLE IF EXISTS SYS_USER_WECHAT;
CREATE TABLE SYS_USER_WECHAT (
  ID VARCHAR(32) NOT NULL ,
  USER_ID BIGINT(20) NOT NULL ,
  APP_ID VARCHAR(32) NOT NULL ,
  OPEN_ID VARCHAR(32) NOT NULL ,
  PRIMARY KEY (ID)
);

/**角色初始化**/
INSERT INTO `sys_role` (`ID`, `OFFICE_ID`, `NAME`, `DATA_SCOPE`, `CODE`, `PERMISSION`, `CREATE_ID`, `CREATE_NAME`, `CREATE_DATE`, `UPDATE_ID`, `UPDATE_NAME`, `UPDATE_DATE`, `REMARKS`, `DEL_FLAG`) VALUES (764029212985266176, 0, '后台登录', 'USER', '0000', 'admin', 0, '超级管理员', '2016-8-12 17:22:14', 0, '超级管理员', '2018-8-22 16:46:04', NULL, 0);
INSERT INTO `sys_role` (`ID`, `OFFICE_ID`, `NAME`, `DATA_SCOPE`, `CODE`, `PERMISSION`, `CREATE_ID`, `CREATE_NAME`, `CREATE_DATE`, `UPDATE_ID`, `UPDATE_NAME`, `UPDATE_DATE`, `REMARKS`, `DEL_FLAG`) VALUES (994872348685504512, 1068429335389671424, '财务部', 'USER', 'financial', 'financial', 0, '超级管理员', '2018-5-11 17:30:26', 0, '超级管理员', '2018-11-21 11:29:31', NULL, 0);
INSERT INTO `sys_role` (`ID`, `OFFICE_ID`, `NAME`, `DATA_SCOPE`, `CODE`, `PERMISSION`, `CREATE_ID`, `CREATE_NAME`, `CREATE_DATE`, `UPDATE_ID`, `UPDATE_NAME`, `UPDATE_DATE`, `REMARKS`, `DEL_FLAG`) VALUES (994872744212566016, 1068429335389671424, '报酬事项的制作人', 'USER', 'business', 'business', 0, '超级管理员', '2018-5-11 17:32:01', 0, '超级管理员', '2018-11-21 18:01:19', NULL, 0);
INSERT INTO `sys_role` (`ID`, `OFFICE_ID`, `NAME`, `DATA_SCOPE`, `CODE`, `PERMISSION`, `CREATE_ID`, `CREATE_NAME`, `CREATE_DATE`, `UPDATE_ID`, `UPDATE_NAME`, `UPDATE_DATE`, `REMARKS`, `DEL_FLAG`) VALUES (1032178241336643584, 1068429335389671424, '普通员工', 'USER', 'common', 'common', 0, '超级管理员', '2018-8-22 16:10:44', 0, '超级管理员', '2018-11-21 11:30:09', NULL, 0);
INSERT INTO `sys_role` (`ID`, `OFFICE_ID`, `NAME`, `DATA_SCOPE`, `CODE`, `PERMISSION`, `CREATE_ID`, `CREATE_NAME`, `CREATE_DATE`, `UPDATE_ID`, `UPDATE_NAME`, `UPDATE_DATE`, `REMARKS`, `DEL_FLAG`) VALUES (1088366284325916672, 1068429335389671424, '出纳', 'USER', 'teller', 'teller', 0, '超级管理员', '2018-8-22 16:10:44', 0, '超级管理员', '2018-11-21 11:30:09', NULL, 0);

INSERT INTO `sys_group` (`ID`, `NAME`, `CODE`, `CREATE_ID`, `CREATE_NAME`, `CREATE_DATE`, `UPDATE_ID`, `UPDATE_NAME`, `UPDATE_DATE`, `REMARKS`, `DEL_FLAG`) VALUES (10000, '普通员工', '10000', 0, '超级管理员', NULL, 0, '超级管理员', '2018-9-9 15:11:45', '', 0);
INSERT INTO `sys_group` (`ID`, `NAME`, `CODE`, `CREATE_ID`, `CREATE_NAME`, `CREATE_DATE`, `UPDATE_ID`, `UPDATE_NAME`, `UPDATE_DATE`, `REMARKS`, `DEL_FLAG`) VALUES (20000, '报酬事项制作', '20000', 0, '超级管理员', '2018-9-8 12:08:27', 0, '超级管理员', '2018-11-21 15:37:18', '', 0);
INSERT INTO `sys_group` (`ID`, `NAME`, `CODE`, `CREATE_ID`, `CREATE_NAME`, `CREATE_DATE`, `UPDATE_ID`, `UPDATE_NAME`, `UPDATE_DATE`, `REMARKS`, `DEL_FLAG`) VALUES (40000, '财务部', '40000', 0, '超级管理员', NULL, 0, '超级管理员', '2018-11-21 22:19:02', '', 0);
INSERT INTO `sys_group` (`ID`, `NAME`, `CODE`, `CREATE_ID`, `CREATE_NAME`, `CREATE_DATE`, `UPDATE_ID`, `UPDATE_NAME`, `UPDATE_DATE`, `REMARKS`, `DEL_FLAG`) VALUES (773038999802613760, '系统管理组', '系统管理组', 0, '超级管理员', '2016-9-6 14:03:55', 0, '超级管理员', '2018-5-13 18:09:48', '', 0);
INSERT INTO `sys_group` (`ID`, `NAME`, `CODE`, `CREATE_ID`, `CREATE_NAME`, `CREATE_DATE`, `UPDATE_ID`, `UPDATE_NAME`, `UPDATE_DATE`, `REMARKS`, `DEL_FLAG`) VALUES (60000, '出纳', '40000', 0, '超级管理员', NULL, 0, '超级管理员', '2018-11-21 22:19:02', '', 0);

INSERT INTO `sys_group_role` (`GROUP_ID`, `ROLE_ID`) VALUES (10000, 764029212985266176);
INSERT INTO `sys_group_role` (`GROUP_ID`, `ROLE_ID`) VALUES (10000, 1032178241336643584);
INSERT INTO `sys_group_role` (`GROUP_ID`, `ROLE_ID`) VALUES (20000, 764029212985266176);
INSERT INTO `sys_group_role` (`GROUP_ID`, `ROLE_ID`) VALUES (20000, 994872744212566016);
INSERT INTO `sys_group_role` (`GROUP_ID`, `ROLE_ID`) VALUES (20000, 1032178241336643584);
INSERT INTO `sys_group_role` (`GROUP_ID`, `ROLE_ID`) VALUES (40000, 764029212985266176);
INSERT INTO `sys_group_role` (`GROUP_ID`, `ROLE_ID`) VALUES (40000, 994872348685504512);
INSERT INTO `sys_group_role` (`GROUP_ID`, `ROLE_ID`) VALUES (60000, 764029212985266176);
INSERT INTO `sys_group_role` (`GROUP_ID`, `ROLE_ID`) VALUES (60000, 1088366284325916672);
INSERT INTO `sys_group_role` (`GROUP_ID`, `ROLE_ID`) VALUES (1038277859027849216, 764029212985266176);
INSERT INTO `sys_group_role` (`GROUP_ID`, `ROLE_ID`) VALUES (1038277859027849216, 994872744212566016);
INSERT INTO `sys_group_role` (`GROUP_ID`, `ROLE_ID`) VALUES (1038277859027849216, 1032178241336643584);


INSERT INTO `sys_role_menu` (`ROLE_ID`, `MENU_ID`) VALUES (994872348685504512, 969184329441873920);
INSERT INTO `sys_role_menu` (`ROLE_ID`, `MENU_ID`) VALUES (994872348685504512, 969184483133755392);
INSERT INTO `sys_role_menu` (`ROLE_ID`, `MENU_ID`) VALUES (994872348685504512, 970474306138148864);
INSERT INTO `sys_role_menu` (`ROLE_ID`, `MENU_ID`) VALUES (994872348685504512, 970505780321193984);
INSERT INTO `sys_role_menu` (`ROLE_ID`, `MENU_ID`) VALUES (994872348685504512, 988306896559673344);
INSERT INTO `sys_role_menu` (`ROLE_ID`, `MENU_ID`) VALUES (994872348685504512, 1029999335410110464);
INSERT INTO `sys_role_menu` (`ROLE_ID`, `MENU_ID`) VALUES (994872348685504512, 1029999407510196224);
INSERT INTO `sys_role_menu` (`ROLE_ID`, `MENU_ID`) VALUES (994872348685504512, 1029999468554096640);
INSERT INTO `sys_role_menu` (`ROLE_ID`, `MENU_ID`) VALUES (994872348685504512, 1029999582077128704);
INSERT INTO `sys_role_menu` (`ROLE_ID`, `MENU_ID`) VALUES (994872348685504512, 1034015582955114496);
INSERT INTO `sys_role_menu` (`ROLE_ID`, `MENU_ID`) VALUES (994872348685504512, 1039878358617427968);
INSERT INTO `sys_role_menu` (`ROLE_ID`, `MENU_ID`) VALUES (994872348685504512, 1045581623040544768);
INSERT INTO `sys_role_menu` (`ROLE_ID`, `MENU_ID`) VALUES (994872348685504512, 1049230073263165440);
INSERT INTO `sys_role_menu` (`ROLE_ID`, `MENU_ID`) VALUES (994872348685504512, 1059371690989064192);
INSERT INTO `sys_role_menu` (`ROLE_ID`, `MENU_ID`) VALUES (994872348685504512, 1059371821817794560);
INSERT INTO `sys_role_menu` (`ROLE_ID`, `MENU_ID`) VALUES (994872348685504512, 1062901186912456704);
INSERT INTO `sys_role_menu` (`ROLE_ID`, `MENU_ID`) VALUES (994872348685504512, 1063362697149681664);
INSERT INTO `sys_role_menu` (`ROLE_ID`, `MENU_ID`) VALUES (994872348685504512, 1063362808093216768);
INSERT INTO `sys_role_menu` (`ROLE_ID`, `MENU_ID`) VALUES (994872348685504512, 1063362980995010560);
INSERT INTO `sys_role_menu` (`ROLE_ID`, `MENU_ID`) VALUES (994872348685504512, 1063363080274186240);
INSERT INTO `sys_role_menu` (`ROLE_ID`, `MENU_ID`) VALUES (994872348685504512, 1063363198679388160);
INSERT INTO `sys_role_menu` (`ROLE_ID`, `MENU_ID`) VALUES (994872348685504512, 1063363298080198656);
INSERT INTO `sys_role_menu` (`ROLE_ID`, `MENU_ID`) VALUES (994872348685504512, 1065062529115492352);
INSERT INTO `sys_role_menu` (`ROLE_ID`, `MENU_ID`) VALUES (994872744212566016, 988306896559673344);
INSERT INTO `sys_role_menu` (`ROLE_ID`, `MENU_ID`) VALUES (994872744212566016, 1036799259439140864);
INSERT INTO `sys_role_menu` (`ROLE_ID`, `MENU_ID`) VALUES (1032178241336643584, 989136287334273024);
INSERT INTO `sys_role_menu` (`ROLE_ID`, `MENU_ID`) VALUES (1032178241336643584, 1040517572782592000);
INSERT INTO `sys_role_menu` (`ROLE_ID`, `MENU_ID`) VALUES (1032178241336643584, 1060470152874823680);
INSERT INTO `sys_role_menu` (`ROLE_ID`, `MENU_ID`) VALUES (1032178241336643584, 1060470324082118656);
INSERT INTO `sys_role_menu` (`ROLE_ID`, `MENU_ID`) VALUES (1032178241336643584, 1062260795481657344);
INSERT INTO `sys_role_menu` (`ROLE_ID`, `MENU_ID`) VALUES (1032178241336643584, 1063006154701017088);
INSERT INTO `sys_role_menu` (`ROLE_ID`, `MENU_ID`) VALUES (1032178241336643584, 1063006494108291072);
INSERT INTO `sys_role_menu` (`ROLE_ID`, `MENU_ID`) VALUES (1032178241336643584, 1063006823910608896);
INSERT INTO `sys_role_menu` (`ROLE_ID`, `MENU_ID`) VALUES (1032178241336643584, 1063007094468382720);
INSERT INTO `sys_role_menu` (`ROLE_ID`, `MENU_ID`) VALUES (1032178241336643584, 1063007395837513728);
INSERT INTO `sys_role_menu` (`ROLE_ID`, `MENU_ID`) VALUES (1032178241336643584, 1063007548149469184);
INSERT INTO `sys_role_menu` (`ROLE_ID`, `MENU_ID`) VALUES (1032178241336643584, 1068429035887005696);

INSERT INTO `sys_site` (`ID`, `NAME`, `SITE_URL`, `LOGO`, `SHORT_NAME`, `KEYWORDS`, `DESCRIPTION`, `COMPANY`, `ADDRESS`, `PHONE`, `ZIP_CODE`, `EMAIL`, `CERTTEXT`, `IS_SITE_ENABLED`, `SITE_CLOSE_MESSAGE`, `LOCALE`, `WATERMARK_ALPHA`, `WATERMARK_IMAGE_FILE`, `WATERMARK_POSITION`, `IS_REGISTER_ENABLED`, `DISABLED_USERNAME`, `USERNAME_MIN_LENGTH`, `USERNAME_MAX_LENGTH`, `PASSWORD_MIN_LENGTH`, `PASSWORD_MAX_LENGTH`, `REGISTER_POINT`, `REGISTER_AGREEMENT`, `IS_EMAIL_LOGIN`, `ACCOUNT_LOCK_COUNT`, `ACCOUNT_LOCK_TIME`, `SAFE_KEY_EXPIRY_TIME`, `UPLOAD_MAX_SIZE`, `UPLOAD_IMAGE_MAX_SIZE`, `UPLOAD_MEDIA_MAX_SIZE`, `UPLOAD_FILE_MAX_SIZE`, `UPLOAD_IMAGE_EXTENSION`, `UPLOAD_MEDIA_EXTENSION`, `UPLOAD_FILE_EXTENSION`, `IMAGE_UPLOAD_PATH`, `MEDIA_UPLOAD_PATH`, `FILE_UPLOAD_PATH`, `SMTP_HOST`, `SMTP_PORT`, `SMTP_USERNAME`, `SMTP_PASSWORD`, `SMTP_SSL_ENABLED`, `SMTP_ANONYMOUS_ENABLED`, `SMTP_TIMEOUT`, `IS_MULTI_LOGIN`) VALUES (0, '个税', 'www.catax.cn', '', '个税', '个税', '个税', '税务公社', '', '027-87223326', '027-87223326', '', 'initialize();', 1, '', 'zh_CN', '50', '', 'rb', 1, 'admin', 6, 30, 6, 30, 0, '', 1, 1, 30, 30, 10, 2, 10, 10, '', '', '', '', '', '', 'smtp.163.com', '465', '618lf@163.com', 'htuucjimnxaweknh', 1, 0, '', 1);

INSERT INTO `sys_user` (`ID`, `OFFICE_ID`, `LOGIN_NAME`, `PASSWORD`, `NO`, `HEADIMG`, `NAME`, `EMAIL`, `MOBILE`, `SEX`, `PROVINCE`, `CITY`, `LOGIN_IP`, `LOGIN_DATE`, `STATUS`, `USER_TYPE`, `CREATE_ID`, `CREATE_NAME`, `CREATE_DATE`, `UPDATE_DATE`, `REMARKS`, `DEL_FLAG`, `SECRET_KEY`, `EXPIRES_DATE`) VALUES (0, 0, 'SuperAdmin', 'a426c30c919998bf3e5005e8411ec7a2578a23d759065c1bb4bfcd3a', '000', '/static/resource/files/upload/headimg/000.png?_t=1494385259211', '超级管理员', 'SuperAdmin@163.com', '13728852049', 1, NULL, NULL, '127.0.0.1', '2018-11-30 14:46:47', 4, 'SITE', NULL, NULL, NULL, '2017-10-14 14:53:44', '', 0, NULL, NULL);
INSERT INTO `sys_user` (`ID`, `OFFICE_ID`, `LOGIN_NAME`, `PASSWORD`, `NO`, `HEADIMG`, `NAME`, `EMAIL`, `MOBILE`, `SEX`, `PROVINCE`, `CITY`, `LOGIN_IP`, `LOGIN_DATE`, `STATUS`, `USER_TYPE`, `CREATE_ID`, `CREATE_NAME`, `CREATE_DATE`, `UPDATE_DATE`, `REMARKS`, `DEL_FLAG`, `SECRET_KEY`, `EXPIRES_DATE`) VALUES (1068396022939652096, NULL, 'admin', '873a0cda8863bf0fe0e8cf9015aa2df4216a1a3eb0dbdbec09624efc', '00000561', '', 'admin', NULL, NULL, NULL, '', '', '', NULL, 4, NULL, 0, '超级管理员', '2018-11-30 14:47:16', '2018-11-30 14:47:46', '', 0, NULL, NULL);
INSERT INTO `sys_user_account` (`ID`, `USER_ID`, `TYPE`, `SUBJECT`) VALUES ('admin', 1068396022939652096, 1, NULL);
INSERT INTO `sys_user_account` (`ID`, `USER_ID`, `TYPE`, `SUBJECT`) VALUES ('SuperAdmin', 0, 1, NULL);
insert into sys_group_user(group_id, user_id) values (40000,1068396022939652096);

INSERT INTO `sys_menu` (`ID`, `PARENT_ID`, `PARENT_IDS`, `NAME`, `HREF`, `TARGET`, `ICON_CLASS`, `SORT`, `LEVEL`, `TYPE`, `QUICK_MENU`, `TOP_MENU`, `IS_SHOW`, `IS_ACTIVITI`, `PERMISSION`, `CREATE_ID`, `CREATE_NAME`, `CREATE_DATE`, `UPDATE_ID`, `UPDATE_NAME`, `UPDATE_DATE`, `REMARKS`, `DEL_FLAG`, `DEGREE`, `SUB_MENU`) VALUES (0, -1, '-1,', '系统菜单', NULL, NULL, NULL, 0, 0, 1, NULL, NULL, 0, 0, NULL, NULL, NULL, NULL, NULL, NULL, NULL, NULL, '0', NULL, NULL);
INSERT INTO `sys_menu` (`ID`, `PARENT_ID`, `PARENT_IDS`, `NAME`, `HREF`, `TARGET`, `ICON_CLASS`, `SORT`, `LEVEL`, `TYPE`, `QUICK_MENU`, `TOP_MENU`, `IS_SHOW`, `IS_ACTIVITI`, `PERMISSION`, `CREATE_ID`, `CREATE_NAME`, `CREATE_DATE`, `UPDATE_ID`, `UPDATE_NAME`, `UPDATE_DATE`, `REMARKS`, `DEL_FLAG`, `DEGREE`, `SUB_MENU`) VALUES (1, 746574125824348160, '-1,0,746574125824348160,', '系统管理', '', NULL, 'icon-th-large', 1, 2, 1, 'icon-star', NULL, 1, NULL, '', NULL, NULL, NULL, 0, NULL, '2018-9-10 15:08:58', NULL, '0', '', '');
INSERT INTO `sys_menu` (`ID`, `PARENT_ID`, `PARENT_IDS`, `NAME`, `HREF`, `TARGET`, `ICON_CLASS`, `SORT`, `LEVEL`, `TYPE`, `QUICK_MENU`, `TOP_MENU`, `IS_SHOW`, `IS_ACTIVITI`, `PERMISSION`, `CREATE_ID`, `CREATE_NAME`, `CREATE_DATE`, `UPDATE_ID`, `UPDATE_NAME`, `UPDATE_DATE`, `REMARKS`, `DEL_FLAG`, `DEGREE`, `SUB_MENU`) VALUES (2, 1, '-1,0,746574125824348160,1,', '菜单管理', '/admin/system/menu/list', NULL, 'icon-qrcode', 1, 3, 2, 'addressbook', NULL, 1, NULL, '', NULL, NULL, NULL, 0, '超级管理员', '2018-9-10 15:08:58', NULL, '0', 'dg-warning', '');
INSERT INTO `sys_menu` (`ID`, `PARENT_ID`, `PARENT_IDS`, `NAME`, `HREF`, `TARGET`, `ICON_CLASS`, `SORT`, `LEVEL`, `TYPE`, `QUICK_MENU`, `TOP_MENU`, `IS_SHOW`, `IS_ACTIVITI`, `PERMISSION`, `CREATE_ID`, `CREATE_NAME`, `CREATE_DATE`, `UPDATE_ID`, `UPDATE_NAME`, `UPDATE_DATE`, `REMARKS`, `DEL_FLAG`, `DEGREE`, `SUB_MENU`) VALUES (3, 1, '-1,0,746574125824348160,1,', '区域管理', '/admin/system/area/list', NULL, 'icon-qrcode', 2, 3, 2, 'world', NULL, 1, NULL, NULL, NULL, NULL, NULL, NULL, NULL, '2018-9-10 15:08:58', NULL, '0', NULL, '');
INSERT INTO `sys_menu` (`ID`, `PARENT_ID`, `PARENT_IDS`, `NAME`, `HREF`, `TARGET`, `ICON_CLASS`, `SORT`, `LEVEL`, `TYPE`, `QUICK_MENU`, `TOP_MENU`, `IS_SHOW`, `IS_ACTIVITI`, `PERMISSION`, `CREATE_ID`, `CREATE_NAME`, `CREATE_DATE`, `UPDATE_ID`, `UPDATE_NAME`, `UPDATE_DATE`, `REMARKS`, `DEL_FLAG`, `DEGREE`, `SUB_MENU`) VALUES (4, 1, '-1,0,746574125824348160,1,', '组织管理', '/admin/system/office/list', NULL, 'icon-qrcode', 3, 3, 2, 'multi-agents', NULL, 1, NULL, NULL, NULL, NULL, NULL, NULL, NULL, '2018-9-10 15:08:58', NULL, '0', NULL, '');
INSERT INTO `sys_menu` (`ID`, `PARENT_ID`, `PARENT_IDS`, `NAME`, `HREF`, `TARGET`, `ICON_CLASS`, `SORT`, `LEVEL`, `TYPE`, `QUICK_MENU`, `TOP_MENU`, `IS_SHOW`, `IS_ACTIVITI`, `PERMISSION`, `CREATE_ID`, `CREATE_NAME`, `CREATE_DATE`, `UPDATE_ID`, `UPDATE_NAME`, `UPDATE_DATE`, `REMARKS`, `DEL_FLAG`, `DEGREE`, `SUB_MENU`) VALUES (5, 1, '-1,0,746574125824348160,1,', '角色管理', '/admin/system/role/list', NULL, 'icon-qrcode', 4, 3, 2, 'shield', NULL, 1, NULL, NULL, NULL, NULL, NULL, NULL, NULL, '2018-9-10 15:08:58', NULL, '0', NULL, '');
INSERT INTO `sys_menu` (`ID`, `PARENT_ID`, `PARENT_IDS`, `NAME`, `HREF`, `TARGET`, `ICON_CLASS`, `SORT`, `LEVEL`, `TYPE`, `QUICK_MENU`, `TOP_MENU`, `IS_SHOW`, `IS_ACTIVITI`, `PERMISSION`, `CREATE_ID`, `CREATE_NAME`, `CREATE_DATE`, `UPDATE_ID`, `UPDATE_NAME`, `UPDATE_DATE`, `REMARKS`, `DEL_FLAG`, `DEGREE`, `SUB_MENU`) VALUES (6, 1, '-1,0,746574125824348160,1,', '用户组管理', '/admin/system/group/list', NULL, 'icon-qrcode', 5, 3, 2, NULL, NULL, 1, NULL, NULL, NULL, NULL, NULL, NULL, NULL, '2018-9-10 15:08:58', NULL, '0', NULL, '');
INSERT INTO `sys_menu` (`ID`, `PARENT_ID`, `PARENT_IDS`, `NAME`, `HREF`, `TARGET`, `ICON_CLASS`, `SORT`, `LEVEL`, `TYPE`, `QUICK_MENU`, `TOP_MENU`, `IS_SHOW`, `IS_ACTIVITI`, `PERMISSION`, `CREATE_ID`, `CREATE_NAME`, `CREATE_DATE`, `UPDATE_ID`, `UPDATE_NAME`, `UPDATE_DATE`, `REMARKS`, `DEL_FLAG`, `DEGREE`, `SUB_MENU`) VALUES (7, 1, '-1,0,746574125824348160,1,', '用户管理', '/admin/system/user/list', NULL, 'icon-qrcode', 5, 3, 2, 'agent', NULL, 1, NULL, '', NULL, NULL, NULL, 0, '超级管理员', '2018-9-10 15:08:58', NULL, '0', 'dg-important', '');
INSERT INTO `sys_menu` (`ID`, `PARENT_ID`, `PARENT_IDS`, `NAME`, `HREF`, `TARGET`, `ICON_CLASS`, `SORT`, `LEVEL`, `TYPE`, `QUICK_MENU`, `TOP_MENU`, `IS_SHOW`, `IS_ACTIVITI`, `PERMISSION`, `CREATE_ID`, `CREATE_NAME`, `CREATE_DATE`, `UPDATE_ID`, `UPDATE_NAME`, `UPDATE_DATE`, `REMARKS`, `DEL_FLAG`, `DEGREE`, `SUB_MENU`) VALUES (8, 1, '-1,0,746574125824348160,1,', '参数配置', '/admin/system/dict/list', NULL, 'icon-qrcode', 8, 3, 2, 'processing', NULL, 1, NULL, NULL, NULL, NULL, NULL, NULL, NULL, '2018-9-10 15:08:58', NULL, '0', NULL, '');
INSERT INTO `sys_menu` (`ID`, `PARENT_ID`, `PARENT_IDS`, `NAME`, `HREF`, `TARGET`, `ICON_CLASS`, `SORT`, `LEVEL`, `TYPE`, `QUICK_MENU`, `TOP_MENU`, `IS_SHOW`, `IS_ACTIVITI`, `PERMISSION`, `CREATE_ID`, `CREATE_NAME`, `CREATE_DATE`, `UPDATE_ID`, `UPDATE_NAME`, `UPDATE_DATE`, `REMARKS`, `DEL_FLAG`, `DEGREE`, `SUB_MENU`) VALUES (9, 1, '-1,0,746574125824348160,1,', '任务管理', '/admin/system/task/list', NULL, 'icon-qrcode', 7, 3, 2, 'edit', NULL, 1, NULL, '', NULL, NULL, NULL, 0, '超级管理员', '2018-9-10 15:08:58', NULL, '0', 'dg-important', '');
INSERT INTO `sys_menu` (`ID`, `PARENT_ID`, `PARENT_IDS`, `NAME`, `HREF`, `TARGET`, `ICON_CLASS`, `SORT`, `LEVEL`, `TYPE`, `QUICK_MENU`, `TOP_MENU`, `IS_SHOW`, `IS_ACTIVITI`, `PERMISSION`, `CREATE_ID`, `CREATE_NAME`, `CREATE_DATE`, `UPDATE_ID`, `UPDATE_NAME`, `UPDATE_DATE`, `REMARKS`, `DEL_FLAG`, `DEGREE`, `SUB_MENU`) VALUES (10, 1, '-1,0,746574125824348160,1,', '导入配置', '/admin/system/excel/list', NULL, 'icon-qrcode', 9, 3, 2, 'configuration', NULL, 1, NULL, NULL, NULL, NULL, NULL, NULL, NULL, '2018-9-10 15:08:58', NULL, '0', NULL, '');
INSERT INTO `sys_menu` (`ID`, `PARENT_ID`, `PARENT_IDS`, `NAME`, `HREF`, `TARGET`, `ICON_CLASS`, `SORT`, `LEVEL`, `TYPE`, `QUICK_MENU`, `TOP_MENU`, `IS_SHOW`, `IS_ACTIVITI`, `PERMISSION`, `CREATE_ID`, `CREATE_NAME`, `CREATE_DATE`, `UPDATE_ID`, `UPDATE_NAME`, `UPDATE_DATE`, `REMARKS`, `DEL_FLAG`, `DEGREE`, `SUB_MENU`) VALUES (12, 16, '-1,0,746574125824348160,16,', '文档管理', '/admin/system/attachment', NULL, '', 3, 3, 2, 'configuration', NULL, 1, NULL, '', NULL, NULL, NULL, 0, '李锋', '2018-9-10 15:08:58', NULL, '0', '', '');
INSERT INTO `sys_menu` (`ID`, `PARENT_ID`, `PARENT_IDS`, `NAME`, `HREF`, `TARGET`, `ICON_CLASS`, `SORT`, `LEVEL`, `TYPE`, `QUICK_MENU`, `TOP_MENU`, `IS_SHOW`, `IS_ACTIVITI`, `PERMISSION`, `CREATE_ID`, `CREATE_NAME`, `CREATE_DATE`, `UPDATE_ID`, `UPDATE_NAME`, `UPDATE_DATE`, `REMARKS`, `DEL_FLAG`, `DEGREE`, `SUB_MENU`) VALUES (13, 0, '-1,0,', '个人信息', '/system/user/selfInfo', NULL, '', 99, 1, 2, '1', NULL, 0, NULL, '', NULL, NULL, NULL, 0, '李峰', '2018-8-16 16:02:07', NULL, '0', '', '');
INSERT INTO `sys_menu` (`ID`, `PARENT_ID`, `PARENT_IDS`, `NAME`, `HREF`, `TARGET`, `ICON_CLASS`, `SORT`, `LEVEL`, `TYPE`, `QUICK_MENU`, `TOP_MENU`, `IS_SHOW`, `IS_ACTIVITI`, `PERMISSION`, `CREATE_ID`, `CREATE_NAME`, `CREATE_DATE`, `UPDATE_ID`, `UPDATE_NAME`, `UPDATE_DATE`, `REMARKS`, `DEL_FLAG`, `DEGREE`, `SUB_MENU`) VALUES (14, 13, '-1,0,13,', '修改密码', '', NULL, '', 1, 2, 3, '', NULL, 1, NULL, 'selfinfo:md:password', NULL, NULL, NULL, 0, '超级管理员', '2018-8-16 16:02:07', NULL, '0', '', '');
INSERT INTO `sys_menu` (`ID`, `PARENT_ID`, `PARENT_IDS`, `NAME`, `HREF`, `TARGET`, `ICON_CLASS`, `SORT`, `LEVEL`, `TYPE`, `QUICK_MENU`, `TOP_MENU`, `IS_SHOW`, `IS_ACTIVITI`, `PERMISSION`, `CREATE_ID`, `CREATE_NAME`, `CREATE_DATE`, `UPDATE_ID`, `UPDATE_NAME`, `UPDATE_DATE`, `REMARKS`, `DEL_FLAG`, `DEGREE`, `SUB_MENU`) VALUES (15, 13, '-1,0,13,', '修改角色', '', NULL, '', 2, 2, 3, '', NULL, 1, NULL, 'selfinfo:md:role', NULL, NULL, NULL, 0, '超级管理员', '2018-8-16 16:02:07', NULL, '0', '', '');
INSERT INTO `sys_menu` (`ID`, `PARENT_ID`, `PARENT_IDS`, `NAME`, `HREF`, `TARGET`, `ICON_CLASS`, `SORT`, `LEVEL`, `TYPE`, `QUICK_MENU`, `TOP_MENU`, `IS_SHOW`, `IS_ACTIVITI`, `PERMISSION`, `CREATE_ID`, `CREATE_NAME`, `CREATE_DATE`, `UPDATE_ID`, `UPDATE_NAME`, `UPDATE_DATE`, `REMARKS`, `DEL_FLAG`, `DEGREE`, `SUB_MENU`) VALUES (16, 746574125824348160, '-1,0,746574125824348160,', '系统维护', '', NULL, 'icon-qrcode', 2, 2, 1, '', NULL, 1, NULL, '', NULL, NULL, NULL, 0, '李锋', '2018-9-10 15:08:58', NULL, '0', '', '');
INSERT INTO `sys_menu` (`ID`, `PARENT_ID`, `PARENT_IDS`, `NAME`, `HREF`, `TARGET`, `ICON_CLASS`, `SORT`, `LEVEL`, `TYPE`, `QUICK_MENU`, `TOP_MENU`, `IS_SHOW`, `IS_ACTIVITI`, `PERMISSION`, `CREATE_ID`, `CREATE_NAME`, `CREATE_DATE`, `UPDATE_ID`, `UPDATE_NAME`, `UPDATE_DATE`, `REMARKS`, `DEL_FLAG`, `DEGREE`, `SUB_MENU`) VALUES (17, 16, '-1,0,746574125824348160,16,', '系统日志', '/admin/system/log/list', NULL, 'icon-qrcode', 5, 3, 2, NULL, NULL, 1, NULL, NULL, NULL, NULL, NULL, NULL, NULL, '2018-9-10 15:08:58', NULL, '0', NULL, '');
INSERT INTO `sys_menu` (`ID`, `PARENT_ID`, `PARENT_IDS`, `NAME`, `HREF`, `TARGET`, `ICON_CLASS`, `SORT`, `LEVEL`, `TYPE`, `QUICK_MENU`, `TOP_MENU`, `IS_SHOW`, `IS_ACTIVITI`, `PERMISSION`, `CREATE_ID`, `CREATE_NAME`, `CREATE_DATE`, `UPDATE_ID`, `UPDATE_NAME`, `UPDATE_DATE`, `REMARKS`, `DEL_FLAG`, `DEGREE`, `SUB_MENU`) VALUES (21, 16, '-1,0,746574125824348160,16,', '数据源监控', '/admin/system/dbmonitor/dataSource', NULL, 'icon-qrcode', 10, 3, 2, '', NULL, 0, NULL, '', NULL, NULL, NULL, 0, '李锋', '2018-9-10 15:08:58', NULL, '0', '', '');
INSERT INTO `sys_menu` (`ID`, `PARENT_ID`, `PARENT_IDS`, `NAME`, `HREF`, `TARGET`, `ICON_CLASS`, `SORT`, `LEVEL`, `TYPE`, `QUICK_MENU`, `TOP_MENU`, `IS_SHOW`, `IS_ACTIVITI`, `PERMISSION`, `CREATE_ID`, `CREATE_NAME`, `CREATE_DATE`, `UPDATE_ID`, `UPDATE_NAME`, `UPDATE_DATE`, `REMARKS`, `DEL_FLAG`, `DEGREE`, `SUB_MENU`) VALUES (22, 16, '-1,0,746574125824348160,16,', 'SQL监控', '/admin/system/dbmonitor/sql', NULL, 'icon-qrcode', 7, 3, 2, '', NULL, 0, NULL, '', NULL, NULL, NULL, 0, '李锋', '2018-9-10 15:08:58', NULL, '0', '', '');
INSERT INTO `sys_menu` (`ID`, `PARENT_ID`, `PARENT_IDS`, `NAME`, `HREF`, `TARGET`, `ICON_CLASS`, `SORT`, `LEVEL`, `TYPE`, `QUICK_MENU`, `TOP_MENU`, `IS_SHOW`, `IS_ACTIVITI`, `PERMISSION`, `CREATE_ID`, `CREATE_NAME`, `CREATE_DATE`, `UPDATE_ID`, `UPDATE_NAME`, `UPDATE_DATE`, `REMARKS`, `DEL_FLAG`, `DEGREE`, `SUB_MENU`) VALUES (24, 16, '-1,0,746574125824348160,16,', '消息管理', '/admin/system/message/inBox', NULL, '', 6, 3, 2, '', NULL, 1, NULL, '', NULL, NULL, NULL, 0, NULL, '2018-9-10 15:08:58', NULL, '0', '', '');
INSERT INTO `sys_menu` (`ID`, `PARENT_ID`, `PARENT_IDS`, `NAME`, `HREF`, `TARGET`, `ICON_CLASS`, `SORT`, `LEVEL`, `TYPE`, `QUICK_MENU`, `TOP_MENU`, `IS_SHOW`, `IS_ACTIVITI`, `PERMISSION`, `CREATE_ID`, `CREATE_NAME`, `CREATE_DATE`, `UPDATE_ID`, `UPDATE_NAME`, `UPDATE_DATE`, `REMARKS`, `DEL_FLAG`, `DEGREE`, `SUB_MENU`) VALUES (26, 746574125824348160, '-1,0,746574125824348160,', '代码生成', '', NULL, 'icon-qrcode', 4, 2, 1, '', NULL, 1, NULL, '', NULL, NULL, NULL, 0, '李峰', '2018-9-10 15:08:58', NULL, '0', '', '');
INSERT INTO `sys_menu` (`ID`, `PARENT_ID`, `PARENT_IDS`, `NAME`, `HREF`, `TARGET`, `ICON_CLASS`, `SORT`, `LEVEL`, `TYPE`, `QUICK_MENU`, `TOP_MENU`, `IS_SHOW`, `IS_ACTIVITI`, `PERMISSION`, `CREATE_ID`, `CREATE_NAME`, `CREATE_DATE`, `UPDATE_ID`, `UPDATE_NAME`, `UPDATE_DATE`, `REMARKS`, `DEL_FLAG`, `DEGREE`, `SUB_MENU`) VALUES (27, 26, '-1,0,746574125824348160,26,', '表管理', '/admin/gen/table/list', NULL, NULL, 10, 3, 2, NULL, NULL, 1, NULL, NULL, NULL, NULL, NULL, NULL, NULL, '2018-9-10 15:08:58', NULL, '0', NULL, '');
INSERT INTO `sys_menu` (`ID`, `PARENT_ID`, `PARENT_IDS`, `NAME`, `HREF`, `TARGET`, `ICON_CLASS`, `SORT`, `LEVEL`, `TYPE`, `QUICK_MENU`, `TOP_MENU`, `IS_SHOW`, `IS_ACTIVITI`, `PERMISSION`, `CREATE_ID`, `CREATE_NAME`, `CREATE_DATE`, `UPDATE_ID`, `UPDATE_NAME`, `UPDATE_DATE`, `REMARKS`, `DEL_FLAG`, `DEGREE`, `SUB_MENU`) VALUES (28, 26, '-1,0,746574125824348160,26,', '方案管理', '/admin/gen/scheme/list', NULL, NULL, 10, 3, 2, NULL, NULL, 1, NULL, NULL, NULL, NULL, NULL, NULL, NULL, '2018-9-10 15:08:58', NULL, '0', NULL, '');
INSERT INTO `sys_menu` (`ID`, `PARENT_ID`, `PARENT_IDS`, `NAME`, `HREF`, `TARGET`, `ICON_CLASS`, `SORT`, `LEVEL`, `TYPE`, `QUICK_MENU`, `TOP_MENU`, `IS_SHOW`, `IS_ACTIVITI`, `PERMISSION`, `CREATE_ID`, `CREATE_NAME`, `CREATE_DATE`, `UPDATE_ID`, `UPDATE_NAME`, `UPDATE_DATE`, `REMARKS`, `DEL_FLAG`, `DEGREE`, `SUB_MENU`) VALUES (746574125824348160, 0, '-1,0,', '设置', '', NULL, 'iconfont icon-lock', 99, 1, 1, '', NULL, 1, NULL, '', 0, '超级管理员', '2016-6-25 13:21:57', 0, '李峰', '2018-9-10 15:08:58', NULL, '0', '', '');
INSERT INTO `sys_menu` (`ID`, `PARENT_ID`, `PARENT_IDS`, `NAME`, `HREF`, `TARGET`, `ICON_CLASS`, `SORT`, `LEVEL`, `TYPE`, `QUICK_MENU`, `TOP_MENU`, `IS_SHOW`, `IS_ACTIVITI`, `PERMISSION`, `CREATE_ID`, `CREATE_NAME`, `CREATE_DATE`, `UPDATE_ID`, `UPDATE_NAME`, `UPDATE_DATE`, `REMARKS`, `DEL_FLAG`, `DEGREE`, `SUB_MENU`) VALUES (748874439969607680, 16, '-1,0,746574125824348160,16,', '站点设置', '/admin/system/site/form/base', NULL, '', 4, 3, 2, '', NULL, 1, NULL, '', 0, '超级管理员', '2016-7-1 21:42:35', 0, '李峰', '2018-9-10 15:08:58', NULL, '0', 'dg-important', '');
INSERT INTO `sys_menu` (`ID`, `PARENT_ID`, `PARENT_IDS`, `NAME`, `HREF`, `TARGET`, `ICON_CLASS`, `SORT`, `LEVEL`, `TYPE`, `QUICK_MENU`, `TOP_MENU`, `IS_SHOW`, `IS_ACTIVITI`, `PERMISSION`, `CREATE_ID`, `CREATE_NAME`, `CREATE_DATE`, `UPDATE_ID`, `UPDATE_NAME`, `UPDATE_DATE`, `REMARKS`, `DEL_FLAG`, `DEGREE`, `SUB_MENU`) VALUES (770985667160313856, 1, '-1,0,746574125824348160,1,', '用户切换', '/admin/system/user/runas/grants', NULL, '', 11, 3, 2, '', NULL, 1, NULL, '', 0, '超级管理员', '2016-8-31 22:04:42', 0, '超级管理员', '2018-9-10 15:08:58', NULL, '0', '', '');
INSERT INTO `sys_menu` (`ID`, `PARENT_ID`, `PARENT_IDS`, `NAME`, `HREF`, `TARGET`, `ICON_CLASS`, `SORT`, `LEVEL`, `TYPE`, `QUICK_MENU`, `TOP_MENU`, `IS_SHOW`, `IS_ACTIVITI`, `PERMISSION`, `CREATE_ID`, `CREATE_NAME`, `CREATE_DATE`, `UPDATE_ID`, `UPDATE_NAME`, `UPDATE_DATE`, `REMARKS`, `DEL_FLAG`, `DEGREE`, `SUB_MENU`) VALUES (772673251234156544, 26, '-1,0,746574125824348160,26,', '测试', '/admin/wechat/test/list', NULL, '', 3, 3, 2, '', NULL, 1, NULL, '', 0, '超级管理员', '2016-9-5 13:50:33', 0, '超级管理员', '2018-9-10 15:08:58', NULL, '0', '', '');
INSERT INTO `sys_menu` (`ID`, `PARENT_ID`, `PARENT_IDS`, `NAME`, `HREF`, `TARGET`, `ICON_CLASS`, `SORT`, `LEVEL`, `TYPE`, `QUICK_MENU`, `TOP_MENU`, `IS_SHOW`, `IS_ACTIVITI`, `PERMISSION`, `CREATE_ID`, `CREATE_NAME`, `CREATE_DATE`, `UPDATE_ID`, `UPDATE_NAME`, `UPDATE_DATE`, `REMARKS`, `DEL_FLAG`, `DEGREE`, `SUB_MENU`) VALUES (774852850558832640, 0, '-1,0,', '微信', '', NULL, 'iconfont icon-weixin', 99, 1, 1, '', NULL, 0, NULL, '', 0, '超级管理员', '2016-9-11 14:11:30', 0, '李峰', '2018-10-16 10:10:07', NULL, '0', '', '');
INSERT INTO `sys_menu` (`ID`, `PARENT_ID`, `PARENT_IDS`, `NAME`, `HREF`, `TARGET`, `ICON_CLASS`, `SORT`, `LEVEL`, `TYPE`, `QUICK_MENU`, `TOP_MENU`, `IS_SHOW`, `IS_ACTIVITI`, `PERMISSION`, `CREATE_ID`, `CREATE_NAME`, `CREATE_DATE`, `UPDATE_ID`, `UPDATE_NAME`, `UPDATE_DATE`, `REMARKS`, `DEL_FLAG`, `DEGREE`, `SUB_MENU`) VALUES (774854115548336128, 780585717846904832, '-1,0,774852850558832640,780585717846904832,', '公众帐号', '/admin/wechat/app/list', NULL, '', 1, 3, 2, '', NULL, 1, NULL, '', 0, '超级管理员', '2016-9-11 14:16:32', 0, '超级管理员', '2018-10-16 10:10:07', NULL, '0', '', '');
INSERT INTO `sys_menu` (`ID`, `PARENT_ID`, `PARENT_IDS`, `NAME`, `HREF`, `TARGET`, `ICON_CLASS`, `SORT`, `LEVEL`, `TYPE`, `QUICK_MENU`, `TOP_MENU`, `IS_SHOW`, `IS_ACTIVITI`, `PERMISSION`, `CREATE_ID`, `CREATE_NAME`, `CREATE_DATE`, `UPDATE_ID`, `UPDATE_NAME`, `UPDATE_DATE`, `REMARKS`, `DEL_FLAG`, `DEGREE`, `SUB_MENU`) VALUES (775669336164667392, 780585717846904832, '-1,0,774852850558832640,780585717846904832,', '自定义菜单', '/admin/wechat/menu/list', NULL, '', 2, 3, 2, '', NULL, 1, NULL, '', 0, '超级管理员', '2016-9-13 20:15:56', 0, '超级管理员', '2018-10-16 10:10:07', NULL, '0', '', '');
INSERT INTO `sys_menu` (`ID`, `PARENT_ID`, `PARENT_IDS`, `NAME`, `HREF`, `TARGET`, `ICON_CLASS`, `SORT`, `LEVEL`, `TYPE`, `QUICK_MENU`, `TOP_MENU`, `IS_SHOW`, `IS_ACTIVITI`, `PERMISSION`, `CREATE_ID`, `CREATE_NAME`, `CREATE_DATE`, `UPDATE_ID`, `UPDATE_NAME`, `UPDATE_DATE`, `REMARKS`, `DEL_FLAG`, `DEGREE`, `SUB_MENU`) VALUES (780585717846904832, 774852850558832640, '-1,0,774852850558832640,', '账户设置', '', NULL, '', 1, 2, 1, '', NULL, 1, NULL, '', 0, '超级管理员', '2016-9-27 09:51:52', 0, '超级管理员', '2018-10-16 10:10:07', NULL, '0', '', '');
INSERT INTO `sys_menu` (`ID`, `PARENT_ID`, `PARENT_IDS`, `NAME`, `HREF`, `TARGET`, `ICON_CLASS`, `SORT`, `LEVEL`, `TYPE`, `QUICK_MENU`, `TOP_MENU`, `IS_SHOW`, `IS_ACTIVITI`, `PERMISSION`, `CREATE_ID`, `CREATE_NAME`, `CREATE_DATE`, `UPDATE_ID`, `UPDATE_NAME`, `UPDATE_DATE`, `REMARKS`, `DEL_FLAG`, `DEGREE`, `SUB_MENU`) VALUES (780586608729657344, 780585717846904832, '-1,0,774852850558832640,780585717846904832,', '默认回复设置', '/admin/wechat/meta/setting', NULL, '', 3, 3, 2, '', NULL, 1, NULL, '', 0, '超级管理员', '2016-9-27 09:55:25', 0, '超级管理员', '2018-10-16 10:10:07', NULL, '0', '', '');
INSERT INTO `sys_menu` (`ID`, `PARENT_ID`, `PARENT_IDS`, `NAME`, `HREF`, `TARGET`, `ICON_CLASS`, `SORT`, `LEVEL`, `TYPE`, `QUICK_MENU`, `TOP_MENU`, `IS_SHOW`, `IS_ACTIVITI`, `PERMISSION`, `CREATE_ID`, `CREATE_NAME`, `CREATE_DATE`, `UPDATE_ID`, `UPDATE_NAME`, `UPDATE_DATE`, `REMARKS`, `DEL_FLAG`, `DEGREE`, `SUB_MENU`) VALUES (781736826657443840, 774852850558832640, '-1,0,774852850558832640,', '回复设置', '', NULL, '', 2, 2, 1, '', NULL, 1, NULL, '', 0, '超级管理员', '2016-9-30 14:05:58', 0, '超级管理员', '2018-10-16 10:10:07', NULL, '0', '', '');
INSERT INTO `sys_menu` (`ID`, `PARENT_ID`, `PARENT_IDS`, `NAME`, `HREF`, `TARGET`, `ICON_CLASS`, `SORT`, `LEVEL`, `TYPE`, `QUICK_MENU`, `TOP_MENU`, `IS_SHOW`, `IS_ACTIVITI`, `PERMISSION`, `CREATE_ID`, `CREATE_NAME`, `CREATE_DATE`, `UPDATE_ID`, `UPDATE_NAME`, `UPDATE_DATE`, `REMARKS`, `DEL_FLAG`, `DEGREE`, `SUB_MENU`) VALUES (781736993456525312, 781736826657443840, '-1,0,774852850558832640,781736826657443840,', '文本回复', '/admin/wechat/meta/text/list', NULL, '', 1, 3, 2, '', NULL, 1, NULL, '', 0, '超级管理员', '2016-9-30 14:06:38', 0, '超级管理员', '2018-10-16 10:10:07', NULL, '0', '', '');
INSERT INTO `sys_menu` (`ID`, `PARENT_ID`, `PARENT_IDS`, `NAME`, `HREF`, `TARGET`, `ICON_CLASS`, `SORT`, `LEVEL`, `TYPE`, `QUICK_MENU`, `TOP_MENU`, `IS_SHOW`, `IS_ACTIVITI`, `PERMISSION`, `CREATE_ID`, `CREATE_NAME`, `CREATE_DATE`, `UPDATE_ID`, `UPDATE_NAME`, `UPDATE_DATE`, `REMARKS`, `DEL_FLAG`, `DEGREE`, `SUB_MENU`) VALUES (781756487155453952, 781736826657443840, '-1,0,774852850558832640,781736826657443840,', '图文回复', '/admin/wechat/meta/rich/list', NULL, '', 3, 3, 2, '', NULL, 1, NULL, '', 0, '超级管理员', '2016-9-30 15:24:06', 0, '超级管理员', '2018-10-16 10:10:07', NULL, '0', '', '');
INSERT INTO `sys_menu` (`ID`, `PARENT_ID`, `PARENT_IDS`, `NAME`, `HREF`, `TARGET`, `ICON_CLASS`, `SORT`, `LEVEL`, `TYPE`, `QUICK_MENU`, `TOP_MENU`, `IS_SHOW`, `IS_ACTIVITI`, `PERMISSION`, `CREATE_ID`, `CREATE_NAME`, `CREATE_DATE`, `UPDATE_ID`, `UPDATE_NAME`, `UPDATE_DATE`, `REMARKS`, `DEL_FLAG`, `DEGREE`, `SUB_MENU`) VALUES (782242945104482304, 780585717846904832, '-1,0,774852850558832640,780585717846904832,', '二维码', '/admin/wechat/qrcode/list', NULL, '', 4, 3, 2, '', NULL, 1, NULL, '', 0, '超级管理员', '2016-10-1 23:37:06', 0, '超级管理员', '2018-10-16 10:10:07', NULL, '0', '', '');
INSERT INTO `sys_menu` (`ID`, `PARENT_ID`, `PARENT_IDS`, `NAME`, `HREF`, `TARGET`, `ICON_CLASS`, `SORT`, `LEVEL`, `TYPE`, `QUICK_MENU`, `TOP_MENU`, `IS_SHOW`, `IS_ACTIVITI`, `PERMISSION`, `CREATE_ID`, `CREATE_NAME`, `CREATE_DATE`, `UPDATE_ID`, `UPDATE_NAME`, `UPDATE_DATE`, `REMARKS`, `DEL_FLAG`, `DEGREE`, `SUB_MENU`) VALUES (802159779844857856, 746574125824348160, '-1,0,746574125824348160,', '服务管控', '', NULL, '', 3, 2, 1, '', NULL, 0, NULL, '', 0, '超级管理员', '2016-11-25 22:39:30', 0, 'A员工', '2018-9-10 15:08:58', NULL, '0', 'dg-warning', '');
INSERT INTO `sys_menu` (`ID`, `PARENT_ID`, `PARENT_IDS`, `NAME`, `HREF`, `TARGET`, `ICON_CLASS`, `SORT`, `LEVEL`, `TYPE`, `QUICK_MENU`, `TOP_MENU`, `IS_SHOW`, `IS_ACTIVITI`, `PERMISSION`, `CREATE_ID`, `CREATE_NAME`, `CREATE_DATE`, `UPDATE_ID`, `UPDATE_NAME`, `UPDATE_DATE`, `REMARKS`, `DEL_FLAG`, `DEGREE`, `SUB_MENU`) VALUES (802160502217252864, 802159779844857856, '-1,0,746574125824348160,802159779844857856,', '服务', '/admin/govemance/services', NULL, '', 1, 3, 2, '', NULL, 1, NULL, '', 0, '超级管理员', '2016-11-25 22:42:22', 0, '超级管理员', '2018-9-10 15:08:58', NULL, '0', '', '');
INSERT INTO `sys_menu` (`ID`, `PARENT_ID`, `PARENT_IDS`, `NAME`, `HREF`, `TARGET`, `ICON_CLASS`, `SORT`, `LEVEL`, `TYPE`, `QUICK_MENU`, `TOP_MENU`, `IS_SHOW`, `IS_ACTIVITI`, `PERMISSION`, `CREATE_ID`, `CREATE_NAME`, `CREATE_DATE`, `UPDATE_ID`, `UPDATE_NAME`, `UPDATE_DATE`, `REMARKS`, `DEL_FLAG`, `DEGREE`, `SUB_MENU`) VALUES (819557277613821952, 781736826657443840, '-1,0,774852850558832640,781736826657443840,', '图片回复', '/admin/wechat/meta/image/list', NULL, '', 2, 3, 2, '', NULL, 1, NULL, '', 0, '超级管理员', '2017-1-12 22:50:56', 0, '超级管理员', '2018-10-16 10:10:07', NULL, '0', 'dg-warning', '');
INSERT INTO `sys_menu` (`ID`, `PARENT_ID`, `PARENT_IDS`, `NAME`, `HREF`, `TARGET`, `ICON_CLASS`, `SORT`, `LEVEL`, `TYPE`, `QUICK_MENU`, `TOP_MENU`, `IS_SHOW`, `IS_ACTIVITI`, `PERMISSION`, `CREATE_ID`, `CREATE_NAME`, `CREATE_DATE`, `UPDATE_ID`, `UPDATE_NAME`, `UPDATE_DATE`, `REMARKS`, `DEL_FLAG`, `DEGREE`, `SUB_MENU`) VALUES (826707342119804928, 802159779844857856, '-1,0,746574125824348160,802159779844857856,', '应用', '/admin/govemance/applications', NULL, '', 2, 3, 2, '', NULL, 1, NULL, '', 0, '超级管理员', '2017-2-1 16:22:44', 0, '超级管理员', '2018-9-10 15:08:58', NULL, '0', '', '');
INSERT INTO `sys_menu` (`ID`, `PARENT_ID`, `PARENT_IDS`, `NAME`, `HREF`, `TARGET`, `ICON_CLASS`, `SORT`, `LEVEL`, `TYPE`, `QUICK_MENU`, `TOP_MENU`, `IS_SHOW`, `IS_ACTIVITI`, `PERMISSION`, `CREATE_ID`, `CREATE_NAME`, `CREATE_DATE`, `UPDATE_ID`, `UPDATE_NAME`, `UPDATE_DATE`, `REMARKS`, `DEL_FLAG`, `DEGREE`, `SUB_MENU`) VALUES (826792630926057472, 802159779844857856, '-1,0,746574125824348160,802159779844857856,', '机器', '/admin/govemance/addresses', NULL, '', 3, 3, 2, '', NULL, 1, NULL, '', 0, '超级管理员', '2017-2-1 22:01:39', 0, '超级管理员', '2018-9-10 15:08:58', NULL, '0', '', '');
INSERT INTO `sys_menu` (`ID`, `PARENT_ID`, `PARENT_IDS`, `NAME`, `HREF`, `TARGET`, `ICON_CLASS`, `SORT`, `LEVEL`, `TYPE`, `QUICK_MENU`, `TOP_MENU`, `IS_SHOW`, `IS_ACTIVITI`, `PERMISSION`, `CREATE_ID`, `CREATE_NAME`, `CREATE_DATE`, `UPDATE_ID`, `UPDATE_NAME`, `UPDATE_DATE`, `REMARKS`, `DEL_FLAG`, `DEGREE`, `SUB_MENU`) VALUES (826792810949779456, 802159779844857856, '-1,0,746574125824348160,802159779844857856,', '提供者', '/admin/govemance/providers', NULL, '', 4, 3, 2, '', NULL, 1, NULL, '', 0, '超级管理员', '2017-2-1 22:02:22', 0, '超级管理员', '2018-9-10 15:08:58', NULL, '0', '', '');
INSERT INTO `sys_menu` (`ID`, `PARENT_ID`, `PARENT_IDS`, `NAME`, `HREF`, `TARGET`, `ICON_CLASS`, `SORT`, `LEVEL`, `TYPE`, `QUICK_MENU`, `TOP_MENU`, `IS_SHOW`, `IS_ACTIVITI`, `PERMISSION`, `CREATE_ID`, `CREATE_NAME`, `CREATE_DATE`, `UPDATE_ID`, `UPDATE_NAME`, `UPDATE_DATE`, `REMARKS`, `DEL_FLAG`, `DEGREE`, `SUB_MENU`) VALUES (826793156224884736, 802159779844857856, '-1,0,746574125824348160,802159779844857856,', '消费者', '/admin/govemance/consumers', NULL, '', 5, 3, 2, '', NULL, 1, NULL, '', 0, '超级管理员', '2017-2-1 22:03:44', 0, '超级管理员', '2018-9-10 15:08:58', NULL, '0', '', '');
INSERT INTO `sys_menu` (`ID`, `PARENT_ID`, `PARENT_IDS`, `NAME`, `HREF`, `TARGET`, `ICON_CLASS`, `SORT`, `LEVEL`, `TYPE`, `QUICK_MENU`, `TOP_MENU`, `IS_SHOW`, `IS_ACTIVITI`, `PERMISSION`, `CREATE_ID`, `CREATE_NAME`, `CREATE_DATE`, `UPDATE_ID`, `UPDATE_NAME`, `UPDATE_DATE`, `REMARKS`, `DEL_FLAG`, `DEGREE`, `SUB_MENU`) VALUES (826793299091267584, 802159779844857856, '-1,0,746574125824348160,802159779844857856,', '路由规则', '/admin/govemance/routes', NULL, '', 6, 3, 2, '', NULL, 1, NULL, '', 0, '超级管理员', '2017-2-1 22:04:18', 0, '超级管理员', '2018-9-10 15:08:58', NULL, '0', '', '');
INSERT INTO `sys_menu` (`ID`, `PARENT_ID`, `PARENT_IDS`, `NAME`, `HREF`, `TARGET`, `ICON_CLASS`, `SORT`, `LEVEL`, `TYPE`, `QUICK_MENU`, `TOP_MENU`, `IS_SHOW`, `IS_ACTIVITI`, `PERMISSION`, `CREATE_ID`, `CREATE_NAME`, `CREATE_DATE`, `UPDATE_ID`, `UPDATE_NAME`, `UPDATE_DATE`, `REMARKS`, `DEL_FLAG`, `DEGREE`, `SUB_MENU`) VALUES (826793436433752064, 802159779844857856, '-1,0,746574125824348160,802159779844857856,', '动态配置', '/admin/govemance/overrides', NULL, '', 7, 3, 2, '', NULL, 1, NULL, '', 0, '超级管理员', '2017-2-1 22:04:51', 0, '超级管理员', '2018-9-10 15:08:58', NULL, '0', '', '');
INSERT INTO `sys_menu` (`ID`, `PARENT_ID`, `PARENT_IDS`, `NAME`, `HREF`, `TARGET`, `ICON_CLASS`, `SORT`, `LEVEL`, `TYPE`, `QUICK_MENU`, `TOP_MENU`, `IS_SHOW`, `IS_ACTIVITI`, `PERMISSION`, `CREATE_ID`, `CREATE_NAME`, `CREATE_DATE`, `UPDATE_ID`, `UPDATE_NAME`, `UPDATE_DATE`, `REMARKS`, `DEL_FLAG`, `DEGREE`, `SUB_MENU`) VALUES (826793564125143040, 802159779844857856, '-1,0,746574125824348160,802159779844857856,', '访问控制', '/admin/govemance/accesses', NULL, '', 8, 3, 2, '', NULL, 1, NULL, '', 0, '超级管理员', '2017-2-1 22:05:21', 0, '超级管理员', '2018-9-10 15:08:58', NULL, '0', '', '');
INSERT INTO `sys_menu` (`ID`, `PARENT_ID`, `PARENT_IDS`, `NAME`, `HREF`, `TARGET`, `ICON_CLASS`, `SORT`, `LEVEL`, `TYPE`, `QUICK_MENU`, `TOP_MENU`, `IS_SHOW`, `IS_ACTIVITI`, `PERMISSION`, `CREATE_ID`, `CREATE_NAME`, `CREATE_DATE`, `UPDATE_ID`, `UPDATE_NAME`, `UPDATE_DATE`, `REMARKS`, `DEL_FLAG`, `DEGREE`, `SUB_MENU`) VALUES (826793695046148096, 802159779844857856, '-1,0,746574125824348160,802159779844857856,', '权重调节', '/admin/govemance/weights', NULL, '', 8, 3, 2, '', NULL, 1, NULL, '', 0, '超级管理员', '2017-2-1 22:05:53', 0, '超级管理员', '2018-9-10 15:08:58', NULL, '0', '', '');
INSERT INTO `sys_menu` (`ID`, `PARENT_ID`, `PARENT_IDS`, `NAME`, `HREF`, `TARGET`, `ICON_CLASS`, `SORT`, `LEVEL`, `TYPE`, `QUICK_MENU`, `TOP_MENU`, `IS_SHOW`, `IS_ACTIVITI`, `PERMISSION`, `CREATE_ID`, `CREATE_NAME`, `CREATE_DATE`, `UPDATE_ID`, `UPDATE_NAME`, `UPDATE_DATE`, `REMARKS`, `DEL_FLAG`, `DEGREE`, `SUB_MENU`) VALUES (881882842055970816, 16, '-1,0,746574125824348160,16,', '缓存监控', '/admin/system/cache/monitor', NULL, '', 8, 3, 2, '', NULL, 0, NULL, '', 0, '超级管理员', '2017-7-3 22:30:29', 0, '李锋', '2018-9-10 15:08:58', NULL, '0', '', '');
INSERT INTO `sys_menu` (`ID`, `PARENT_ID`, `PARENT_IDS`, `NAME`, `HREF`, `TARGET`, `ICON_CLASS`, `SORT`, `LEVEL`, `TYPE`, `QUICK_MENU`, `TOP_MENU`, `IS_SHOW`, `IS_ACTIVITI`, `PERMISSION`, `CREATE_ID`, `CREATE_NAME`, `CREATE_DATE`, `UPDATE_ID`, `UPDATE_NAME`, `UPDATE_DATE`, `REMARKS`, `DEL_FLAG`, `DEGREE`, `SUB_MENU`) VALUES (882434195656413184, 16, '-1,0,746574125824348160,16,', '系统监控', '/admin/system/monitor', NULL, '', 9, 3, 2, '', NULL, 0, NULL, '', 0, '超级管理员', '2017-7-5 11:01:22', 0, '李锋', '2018-9-10 15:08:58', NULL, '0', '', '');
INSERT INTO `sys_menu` (`ID`, `PARENT_ID`, `PARENT_IDS`, `NAME`, `HREF`, `TARGET`, `ICON_CLASS`, `SORT`, `LEVEL`, `TYPE`, `QUICK_MENU`, `TOP_MENU`, `IS_SHOW`, `IS_ACTIVITI`, `PERMISSION`, `CREATE_ID`, `CREATE_NAME`, `CREATE_DATE`, `UPDATE_ID`, `UPDATE_NAME`, `UPDATE_DATE`, `REMARKS`, `DEL_FLAG`, `DEGREE`, `SUB_MENU`) VALUES (913292159732551680, 913292018074128384, '-1,0,913291741619163136,913292018074128384,', '新增会员统计', '/admin/report/user/new', NULL, '', 1, 3, 2, '', NULL, 1, NULL, '', 0, '超级管理员', '2017-9-28 14:39:54', 0, '超级管理员', '2018-3-30 21:35:39', NULL, '0', '', '');
INSERT INTO `sys_menu` (`ID`, `PARENT_ID`, `PARENT_IDS`, `NAME`, `HREF`, `TARGET`, `ICON_CLASS`, `SORT`, `LEVEL`, `TYPE`, `QUICK_MENU`, `TOP_MENU`, `IS_SHOW`, `IS_ACTIVITI`, `PERMISSION`, `CREATE_ID`, `CREATE_NAME`, `CREATE_DATE`, `UPDATE_ID`, `UPDATE_NAME`, `UPDATE_DATE`, `REMARKS`, `DEL_FLAG`, `DEGREE`, `SUB_MENU`) VALUES (913292218624774144, 913292018074128384, '-1,0,913291741619163136,913292018074128384,', '会员等级统计', '/admin/report/user/rank', NULL, '', 2, 3, 2, '', NULL, 1, NULL, '', 0, '超级管理员', '2017-9-28 14:40:08', 0, '超级管理员', '2018-3-30 21:35:39', NULL, '0', '', '');
INSERT INTO `sys_menu` (`ID`, `PARENT_ID`, `PARENT_IDS`, `NAME`, `HREF`, `TARGET`, `ICON_CLASS`, `SORT`, `LEVEL`, `TYPE`, `QUICK_MENU`, `TOP_MENU`, `IS_SHOW`, `IS_ACTIVITI`, `PERMISSION`, `CREATE_ID`, `CREATE_NAME`, `CREATE_DATE`, `UPDATE_ID`, `UPDATE_NAME`, `UPDATE_DATE`, `REMARKS`, `DEL_FLAG`, `DEGREE`, `SUB_MENU`) VALUES (913292295313428480, 913292018074128384, '-1,0,913291741619163136,913292018074128384,', '会员活跃统计', '/admin/report/user/active', NULL, '', 4, 3, 2, '', NULL, 1, NULL, '', 0, '超级管理员', '2017-9-28 14:40:26', 0, '超级管理员', '2018-3-30 21:35:39', NULL, '0', '', '');
INSERT INTO `sys_menu` (`ID`, `PARENT_ID`, `PARENT_IDS`, `NAME`, `HREF`, `TARGET`, `ICON_CLASS`, `SORT`, `LEVEL`, `TYPE`, `QUICK_MENU`, `TOP_MENU`, `IS_SHOW`, `IS_ACTIVITI`, `PERMISSION`, `CREATE_ID`, `CREATE_NAME`, `CREATE_DATE`, `UPDATE_ID`, `UPDATE_NAME`, `UPDATE_DATE`, `REMARKS`, `DEL_FLAG`, `DEGREE`, `SUB_MENU`) VALUES (913292708624338944, 913292565510492160, '-1,0,913291741619163136,913292565510492160,', '销售量统计', '/admin/report/order/book', NULL, '', 1, 3, 2, '', NULL, 1, NULL, '', 0, '超级管理员', '2017-9-28 14:42:05', 0, '超级管理员', '2018-3-30 21:35:39', NULL, '0', '', '');
INSERT INTO `sys_menu` (`ID`, `PARENT_ID`, `PARENT_IDS`, `NAME`, `HREF`, `TARGET`, `ICON_CLASS`, `SORT`, `LEVEL`, `TYPE`, `QUICK_MENU`, `TOP_MENU`, `IS_SHOW`, `IS_ACTIVITI`, `PERMISSION`, `CREATE_ID`, `CREATE_NAME`, `CREATE_DATE`, `UPDATE_ID`, `UPDATE_NAME`, `UPDATE_DATE`, `REMARKS`, `DEL_FLAG`, `DEGREE`, `SUB_MENU`) VALUES (913292770280607744, 913292565510492160, '-1,0,913291741619163136,913292565510492160,', '销售额统计', '/admin/report/sale/stat', NULL, '', 1, 3, 2, '', NULL, 1, NULL, '', 0, '超级管理员', '2017-9-28 14:42:19', 0, '超级管理员', '2018-3-30 21:35:39', NULL, '0', '', '');
INSERT INTO `sys_menu` (`ID`, `PARENT_ID`, `PARENT_IDS`, `NAME`, `HREF`, `TARGET`, `ICON_CLASS`, `SORT`, `LEVEL`, `TYPE`, `QUICK_MENU`, `TOP_MENU`, `IS_SHOW`, `IS_ACTIVITI`, `PERMISSION`, `CREATE_ID`, `CREATE_NAME`, `CREATE_DATE`, `UPDATE_ID`, `UPDATE_NAME`, `UPDATE_DATE`, `REMARKS`, `DEL_FLAG`, `DEGREE`, `SUB_MENU`) VALUES (913292858801393664, 913292565510492160, '-1,0,913291741619163136,913292565510492160,', '商品销量排行', '/admin/report/product/stat_page', NULL, '', 1, 3, 2, '', NULL, 1, NULL, '', 0, '超级管理员', '2017-9-28 14:42:40', 0, '超级管理员', '2018-3-30 21:35:39', NULL, '0', '', '');
INSERT INTO `sys_menu` (`ID`, `PARENT_ID`, `PARENT_IDS`, `NAME`, `HREF`, `TARGET`, `ICON_CLASS`, `SORT`, `LEVEL`, `TYPE`, `QUICK_MENU`, `TOP_MENU`, `IS_SHOW`, `IS_ACTIVITI`, `PERMISSION`, `CREATE_ID`, `CREATE_NAME`, `CREATE_DATE`, `UPDATE_ID`, `UPDATE_NAME`, `UPDATE_DATE`, `REMARKS`, `DEL_FLAG`, `DEGREE`, `SUB_MENU`) VALUES (913292919056764928, 913292565510492160, '-1,0,913291741619163136,913292565510492160,', '会员消费排行', '/admin/report/user/stat_page', NULL, '', 1, 3, 2, '', NULL, 1, NULL, '', 0, '超级管理员', '2017-9-28 14:42:55', 0, '超级管理员', '2018-3-30 21:35:39', NULL, '0', '', '');
INSERT INTO `sys_menu` (`ID`, `PARENT_ID`, `PARENT_IDS`, `NAME`, `HREF`, `TARGET`, `ICON_CLASS`, `SORT`, `LEVEL`, `TYPE`, `QUICK_MENU`, `TOP_MENU`, `IS_SHOW`, `IS_ACTIVITI`, `PERMISSION`, `CREATE_ID`, `CREATE_NAME`, `CREATE_DATE`, `UPDATE_ID`, `UPDATE_NAME`, `UPDATE_DATE`, `REMARKS`, `DEL_FLAG`, `DEGREE`, `SUB_MENU`) VALUES (913293130051227648, 913293009938944000, '-1,0,913291741619163136,913293009938944000,', '网站流量', '/admin/report/flow/site', NULL, '', 1, 3, 2, '', NULL, 1, NULL, '', 0, '超级管理员', '2017-9-28 14:43:45', 0, '超级管理员', '2018-3-30 21:35:39', NULL, '0', '', '');
INSERT INTO `sys_menu` (`ID`, `PARENT_ID`, `PARENT_IDS`, `NAME`, `HREF`, `TARGET`, `ICON_CLASS`, `SORT`, `LEVEL`, `TYPE`, `QUICK_MENU`, `TOP_MENU`, `IS_SHOW`, `IS_ACTIVITI`, `PERMISSION`, `CREATE_ID`, `CREATE_NAME`, `CREATE_DATE`, `UPDATE_ID`, `UPDATE_NAME`, `UPDATE_DATE`, `REMARKS`, `DEL_FLAG`, `DEGREE`, `SUB_MENU`) VALUES (913293284644884480, 913293009938944000, '-1,0,913291741619163136,913293009938944000,', '商品流量统计', '/admin/report/flow/product_pv', NULL, '', 2, 3, 2, '', NULL, 1, NULL, '', 0, '超级管理员', '2017-9-28 14:44:22', 0, '超级管理员', '2018-3-30 21:35:39', NULL, '0', '', '');
INSERT INTO `sys_menu` (`ID`, `PARENT_ID`, `PARENT_IDS`, `NAME`, `HREF`, `TARGET`, `ICON_CLASS`, `SORT`, `LEVEL`, `TYPE`, `QUICK_MENU`, `TOP_MENU`, `IS_SHOW`, `IS_ACTIVITI`, `PERMISSION`, `CREATE_ID`, `CREATE_NAME`, `CREATE_DATE`, `UPDATE_ID`, `UPDATE_NAME`, `UPDATE_DATE`, `REMARKS`, `DEL_FLAG`, `DEGREE`, `SUB_MENU`) VALUES (913293345042862080, 913293009938944000, '-1,0,913291741619163136,913293009938944000,', '微页面流量统计', '/admin/report/flow/mpage_pv', NULL, '', 3, 3, 2, '', NULL, 1, NULL, '', 0, '超级管理员', '2017-9-28 14:44:36', 0, '超级管理员', '2018-3-30 21:35:39', NULL, '0', '', '');
INSERT INTO `sys_menu` (`ID`, `PARENT_ID`, `PARENT_IDS`, `NAME`, `HREF`, `TARGET`, `ICON_CLASS`, `SORT`, `LEVEL`, `TYPE`, `QUICK_MENU`, `TOP_MENU`, `IS_SHOW`, `IS_ACTIVITI`, `PERMISSION`, `CREATE_ID`, `CREATE_NAME`, `CREATE_DATE`, `UPDATE_ID`, `UPDATE_NAME`, `UPDATE_DATE`, `REMARKS`, `DEL_FLAG`, `DEGREE`, `SUB_MENU`) VALUES (969184329441873920, 1039046407652249600, '-1,0,1039046407652249600,', '安全管理', '/admin/ptms/baseinfo/apk/form', NULL, '', 4, 2, 2, '', NULL, 1, NULL, '', 0, '李锋', '2018-3-1 20:15:25', 0, '李峰', '2018-9-10 15:37:33', NULL, '0', '', '');
INSERT INTO `sys_menu` (`ID`, `PARENT_ID`, `PARENT_IDS`, `NAME`, `HREF`, `TARGET`, `ICON_CLASS`, `SORT`, `LEVEL`, `TYPE`, `QUICK_MENU`, `TOP_MENU`, `IS_SHOW`, `IS_ACTIVITI`, `PERMISSION`, `CREATE_ID`, `CREATE_NAME`, `CREATE_DATE`, `UPDATE_ID`, `UPDATE_NAME`, `UPDATE_DATE`, `REMARKS`, `DEL_FLAG`, `DEGREE`, `SUB_MENU`) VALUES (969184483133755392, 0, '-1,0,', '员工', '/admin/ptms/employee/employee/list', NULL, 'iconfont icon-yuangongguanli', 1, 1, 2, '', NULL, 1, NULL, '', 0, '李锋', '2018-3-1 20:16:02', 0, '李峰', '2018-9-10 15:09:25', NULL, '0', '', '');
INSERT INTO `sys_menu` (`ID`, `PARENT_ID`, `PARENT_IDS`, `NAME`, `HREF`, `TARGET`, `ICON_CLASS`, `SORT`, `LEVEL`, `TYPE`, `QUICK_MENU`, `TOP_MENU`, `IS_SHOW`, `IS_ACTIVITI`, `PERMISSION`, `CREATE_ID`, `CREATE_NAME`, `CREATE_DATE`, `UPDATE_ID`, `UPDATE_NAME`, `UPDATE_DATE`, `REMARKS`, `DEL_FLAG`, `DEGREE`, `SUB_MENU`) VALUES (969185306689540096, 969819424192335872, '-1,0,969819424192335872,', '课表生成', '/admin/platform/th/schoolTimeTable/list?hourAttr=1', NULL, '', 2, 2, 2, '', NULL, 1, NULL, '', 0, '李锋', '2018-3-1 20:19:18', 0, '李锋', '2018-5-13 10:52:06', NULL, '0', '', '');
INSERT INTO `sys_menu` (`ID`, `PARENT_ID`, `PARENT_IDS`, `NAME`, `HREF`, `TARGET`, `ICON_CLASS`, `SORT`, `LEVEL`, `TYPE`, `QUICK_MENU`, `TOP_MENU`, `IS_SHOW`, `IS_ACTIVITI`, `PERMISSION`, `CREATE_ID`, `CREATE_NAME`, `CREATE_DATE`, `UPDATE_ID`, `UPDATE_NAME`, `UPDATE_DATE`, `REMARKS`, `DEL_FLAG`, `DEGREE`, `SUB_MENU`) VALUES (970474306138148864, 1038269572093972480, '-1,0,1038269572093972480,', '审核资料', '/admin/ptms/employee/employeeDeductionData/auditList', NULL, '', 6, 2, 2, '', NULL, 0, NULL, '', 0, '李锋', '2018-3-5 09:41:20', 0, '李峰', '2018-11-12 16:43:16', NULL, '0', '', '');
INSERT INTO `sys_menu` (`ID`, `PARENT_ID`, `PARENT_IDS`, `NAME`, `HREF`, `TARGET`, `ICON_CLASS`, `SORT`, `LEVEL`, `TYPE`, `QUICK_MENU`, `TOP_MENU`, `IS_SHOW`, `IS_ACTIVITI`, `PERMISSION`, `CREATE_ID`, `CREATE_NAME`, `CREATE_DATE`, `UPDATE_ID`, `UPDATE_NAME`, `UPDATE_DATE`, `REMARKS`, `DEL_FLAG`, `DEGREE`, `SUB_MENU`) VALUES (970505780321193984, 1039046407652249600, '-1,0,1039046407652249600,', '主体信息', '/admin/ptms/baseinfo/company/form', NULL, '', 3, 2, 2, '', NULL, 1, NULL, '', 0, '李锋', '2018-3-5 11:46:24', 0, '李峰', '2018-9-10 15:37:33', NULL, '0', '', '');
INSERT INTO `sys_menu` (`ID`, `PARENT_ID`, `PARENT_IDS`, `NAME`, `HREF`, `TARGET`, `ICON_CLASS`, `SORT`, `LEVEL`, `TYPE`, `QUICK_MENU`, `TOP_MENU`, `IS_SHOW`, `IS_ACTIVITI`, `PERMISSION`, `CREATE_ID`, `CREATE_NAME`, `CREATE_DATE`, `UPDATE_ID`, `UPDATE_NAME`, `UPDATE_DATE`, `REMARKS`, `DEL_FLAG`, `DEGREE`, `SUB_MENU`) VALUES (988306896559673344, 0, '-1,0,', '模板', '/admin/ptms/reporttemplate/reportTemplate/list', NULL, 'iconfont icon-list-alt', 2, 1, 2, '', NULL, 1, NULL, '', 0, '李锋', '2018-4-23 14:41:41', 0, '李峰', '2018-9-10 15:09:37', NULL, '0', '', '');
INSERT INTO `sys_menu` (`ID`, `PARENT_ID`, `PARENT_IDS`, `NAME`, `HREF`, `TARGET`, `ICON_CLASS`, `SORT`, `LEVEL`, `TYPE`, `QUICK_MENU`, `TOP_MENU`, `IS_SHOW`, `IS_ACTIVITI`, `PERMISSION`, `CREATE_ID`, `CREATE_NAME`, `CREATE_DATE`, `UPDATE_ID`, `UPDATE_NAME`, `UPDATE_DATE`, `REMARKS`, `DEL_FLAG`, `DEGREE`, `SUB_MENU`) VALUES (989136066793574400, 0, '-1,0,', '员工', '', NULL, 'iconfont icon-order', 9, 1, 1, '', NULL, 1, NULL, '', 0, '李锋', '2018-4-25 21:36:30', 0, '李峰', '2018-11-21 11:30:30', NULL, '0', '', '');
INSERT INTO `sys_menu` (`ID`, `PARENT_ID`, `PARENT_IDS`, `NAME`, `HREF`, `TARGET`, `ICON_CLASS`, `SORT`, `LEVEL`, `TYPE`, `QUICK_MENU`, `TOP_MENU`, `IS_SHOW`, `IS_ACTIVITI`, `PERMISSION`, `CREATE_ID`, `CREATE_NAME`, `CREATE_DATE`, `UPDATE_ID`, `UPDATE_NAME`, `UPDATE_DATE`, `REMARKS`, `DEL_FLAG`, `DEGREE`, `SUB_MENU`) VALUES (989136287334273024, 989136066793574400, '-1,0,989136066793574400,', '个人信息', '/admin/ptms/employee/employee/form', NULL, '', 3, 2, 2, '', NULL, 1, NULL, '', 0, '李锋', '2018-4-25 21:37:23', 0, '李峰', '2018-11-21 11:30:30', NULL, '0', '', '');
INSERT INTO `sys_menu` (`ID`, `PARENT_ID`, `PARENT_IDS`, `NAME`, `HREF`, `TARGET`, `ICON_CLASS`, `SORT`, `LEVEL`, `TYPE`, `QUICK_MENU`, `TOP_MENU`, `IS_SHOW`, `IS_ACTIVITI`, `PERMISSION`, `CREATE_ID`, `CREATE_NAME`, `CREATE_DATE`, `UPDATE_ID`, `UPDATE_NAME`, `UPDATE_DATE`, `REMARKS`, `DEL_FLAG`, `DEGREE`, `SUB_MENU`) VALUES (1068429035887005696, 989136066793574400, '-1,0,989136066793574400,', '工资信息', '/admin/ptms/reportcenter/salaryYearMonthReport/personList', NULL, '', 1, 2, 2, '', NULL, 1, NULL, '', 0, '李锋', '2018-4-25 21:37:23', 0, '超级管理员', '2018-11-21 11:30:30', NULL, '0', '', '');
INSERT INTO `sys_menu` (`ID`, `PARENT_ID`, `PARENT_IDS`, `NAME`, `HREF`, `TARGET`, `ICON_CLASS`, `SORT`, `LEVEL`, `TYPE`, `QUICK_MENU`, `TOP_MENU`, `IS_SHOW`, `IS_ACTIVITI`, `PERMISSION`, `CREATE_ID`, `CREATE_NAME`, `CREATE_DATE`, `UPDATE_ID`, `UPDATE_NAME`, `UPDATE_DATE`, `REMARKS`, `DEL_FLAG`, `DEGREE`, `SUB_MENU`) VALUES (995499408835612672, 16, '-1,0,746574125824348160,16,', '系统公告', '/admin/platform/th/notice/list', NULL, '', 2, 3, 2, '', NULL, 1, NULL, '', 0, '李锋', '2018-5-13 11:02:09', 0, '李锋', '2018-9-10 15:08:58', NULL, '0', '', '');
INSERT INTO `sys_menu` (`ID`, `PARENT_ID`, `PARENT_IDS`, `NAME`, `HREF`, `TARGET`, `ICON_CLASS`, `SORT`, `LEVEL`, `TYPE`, `QUICK_MENU`, `TOP_MENU`, `IS_SHOW`, `IS_ACTIVITI`, `PERMISSION`, `CREATE_ID`, `CREATE_NAME`, `CREATE_DATE`, `UPDATE_ID`, `UPDATE_NAME`, `UPDATE_DATE`, `REMARKS`, `DEL_FLAG`, `DEGREE`, `SUB_MENU`) VALUES (1029999335410110464, 1038269572093972480, '-1,0,1038269572093972480,', '单独计税', '/admin/ptms/reportinstance/singleCal/list', NULL, '', 2, 2, 2, '', NULL, 1, NULL, '', 0, '李峰', '2018-8-16 15:52:33', 0, '李峰', '2018-9-25 11:43:04', NULL, '0', '', '');
INSERT INTO `sys_menu` (`ID`, `PARENT_ID`, `PARENT_IDS`, `NAME`, `HREF`, `TARGET`, `ICON_CLASS`, `SORT`, `LEVEL`, `TYPE`, `QUICK_MENU`, `TOP_MENU`, `IS_SHOW`, `IS_ACTIVITI`, `PERMISSION`, `CREATE_ID`, `CREATE_NAME`, `CREATE_DATE`, `UPDATE_ID`, `UPDATE_NAME`, `UPDATE_DATE`, `REMARKS`, `DEL_FLAG`, `DEGREE`, `SUB_MENU`) VALUES (1029999407510196224, 1038269572093972480, '-1,0,1038269572093972480,', '汇总计税', '/admin/ptms/reportinstance/reportCal/reportCalList', NULL, '', 3, 2, 2, '', NULL, 1, NULL, '', 0, '李峰', '2018-8-16 15:52:50', 0, '李峰', '2018-9-25 09:36:06', NULL, '0', '', '');
INSERT INTO `sys_menu` (`ID`, `PARENT_ID`, `PARENT_IDS`, `NAME`, `HREF`, `TARGET`, `ICON_CLASS`, `SORT`, `LEVEL`, `TYPE`, `QUICK_MENU`, `TOP_MENU`, `IS_SHOW`, `IS_ACTIVITI`, `PERMISSION`, `CREATE_ID`, `CREATE_NAME`, `CREATE_DATE`, `UPDATE_ID`, `UPDATE_NAME`, `UPDATE_DATE`, `REMARKS`, `DEL_FLAG`, `DEGREE`, `SUB_MENU`) VALUES (1029999468554096640, 1038269572093972480, '-1,0,1038269572093972480,', '代垫税款', '/admin', NULL, '', 5, 2, 2, '', NULL, 0, NULL, '', 0, '李峰', '2018-8-16 15:53:04', 0, '李峰', '2018-11-12 16:42:55', NULL, '0', '', '');
INSERT INTO `sys_menu` (`ID`, `PARENT_ID`, `PARENT_IDS`, `NAME`, `HREF`, `TARGET`, `ICON_CLASS`, `SORT`, `LEVEL`, `TYPE`, `QUICK_MENU`, `TOP_MENU`, `IS_SHOW`, `IS_ACTIVITI`, `PERMISSION`, `CREATE_ID`, `CREATE_NAME`, `CREATE_DATE`, `UPDATE_ID`, `UPDATE_NAME`, `UPDATE_DATE`, `REMARKS`, `DEL_FLAG`, `DEGREE`, `SUB_MENU`) VALUES (1029999582077128704, 0, '-1,0,', '支付', '/admin/ptms/reportinstance/reportInstance/payList', NULL, 'iconfont icon-money', 4, 1, 2, '', NULL, 1, NULL, '', 0, '李峰', '2018-8-16 15:53:31', 0, '李峰', '2018-9-10 17:24:01', NULL, '0', '', '');
INSERT INTO `sys_menu` (`ID`, `PARENT_ID`, `PARENT_IDS`, `NAME`, `HREF`, `TARGET`, `ICON_CLASS`, `SORT`, `LEVEL`, `TYPE`, `QUICK_MENU`, `TOP_MENU`, `IS_SHOW`, `IS_ACTIVITI`, `PERMISSION`, `CREATE_ID`, `CREATE_NAME`, `CREATE_DATE`, `UPDATE_ID`, `UPDATE_NAME`, `UPDATE_DATE`, `REMARKS`, `DEL_FLAG`, `DEGREE`, `SUB_MENU`) VALUES (1029999628709400576, 0, '-1,0,', '还原', '/admin', NULL, 'iconfont icon-jisuanqi', 7, 1, 2, '', NULL, 0, NULL, '', 0, '李峰', '2018-8-16 15:53:43', 0, '李峰', '2018-11-21 10:04:14', NULL, '0', '', '');
INSERT INTO `sys_menu` (`ID`, `PARENT_ID`, `PARENT_IDS`, `NAME`, `HREF`, `TARGET`, `ICON_CLASS`, `SORT`, `LEVEL`, `TYPE`, `QUICK_MENU`, `TOP_MENU`, `IS_SHOW`, `IS_ACTIVITI`, `PERMISSION`, `CREATE_ID`, `CREATE_NAME`, `CREATE_DATE`, `UPDATE_ID`, `UPDATE_NAME`, `UPDATE_DATE`, `REMARKS`, `DEL_FLAG`, `DEGREE`, `SUB_MENU`) VALUES (1029999677967306752, 0, '-1,0,', '筹划', '/admin', NULL, 'iconfont icon-modify', 8, 1, 2, '', NULL, 0, NULL, '', 0, '李峰', '2018-8-16 15:53:54', 0, '李峰', '2018-11-13 16:26:53', NULL, '0', '', '');
INSERT INTO `sys_menu` (`ID`, `PARENT_ID`, `PARENT_IDS`, `NAME`, `HREF`, `TARGET`, `ICON_CLASS`, `SORT`, `LEVEL`, `TYPE`, `QUICK_MENU`, `TOP_MENU`, `IS_SHOW`, `IS_ACTIVITI`, `PERMISSION`, `CREATE_ID`, `CREATE_NAME`, `CREATE_DATE`, `UPDATE_ID`, `UPDATE_NAME`, `UPDATE_DATE`, `REMARKS`, `DEL_FLAG`, `DEGREE`, `SUB_MENU`) VALUES (1029999734359724032, 1038269950541828096, '-1,0,1038269950541828096,', '年所得12W管理', '/admin/ptms/reportcenter/full12WReport/list', NULL, '', 2, 2, 2, '', NULL, 0, NULL, '', 0, '李峰', '2018-8-16 15:54:08', 0, '李峰', '2018-11-21 09:53:48', NULL, '0', '', '');
INSERT INTO `sys_menu` (`ID`, `PARENT_ID`, `PARENT_IDS`, `NAME`, `HREF`, `TARGET`, `ICON_CLASS`, `SORT`, `LEVEL`, `TYPE`, `QUICK_MENU`, `TOP_MENU`, `IS_SHOW`, `IS_ACTIVITI`, `PERMISSION`, `CREATE_ID`, `CREATE_NAME`, `CREATE_DATE`, `UPDATE_ID`, `UPDATE_NAME`, `UPDATE_DATE`, `REMARKS`, `DEL_FLAG`, `DEGREE`, `SUB_MENU`) VALUES (1034015582955114496, 1038269572093972480, '-1,0,1038269572093972480,', '报表接收', '/admin/ptms/reportinstance/reportInstance/list', NULL, '', 1, 2, 2, '', NULL, 1, NULL, '', 0, '李峰', '2018-8-27 17:51:41', 0, '李峰', '2018-9-10 15:59:50', NULL, '0', '', '');
INSERT INTO `sys_menu` (`ID`, `PARENT_ID`, `PARENT_IDS`, `NAME`, `HREF`, `TARGET`, `ICON_CLASS`, `SORT`, `LEVEL`, `TYPE`, `QUICK_MENU`, `TOP_MENU`, `IS_SHOW`, `IS_ACTIVITI`, `PERMISSION`, `CREATE_ID`, `CREATE_NAME`, `CREATE_DATE`, `UPDATE_ID`, `UPDATE_NAME`, `UPDATE_DATE`, `REMARKS`, `DEL_FLAG`, `DEGREE`, `SUB_MENU`) VALUES (1035077623237185536, 746574125824348160, '-1,0,746574125824348160,', '报表管理人员设置', '/admin/ptms/reportinstance/ptmsrole/view', NULL, '', 2, 2, 2, '', NULL, 1, NULL, '', 0, '李峰', '2018-8-30 16:11:51', 0, '李峰', '2018-10-6 08:49:57', NULL, '0', '', '');
INSERT INTO `sys_menu` (`ID`, `PARENT_ID`, `PARENT_IDS`, `NAME`, `HREF`, `TARGET`, `ICON_CLASS`, `SORT`, `LEVEL`, `TYPE`, `QUICK_MENU`, `TOP_MENU`, `IS_SHOW`, `IS_ACTIVITI`, `PERMISSION`, `CREATE_ID`, `CREATE_NAME`, `CREATE_DATE`, `UPDATE_ID`, `UPDATE_NAME`, `UPDATE_DATE`, `REMARKS`, `DEL_FLAG`, `DEGREE`, `SUB_MENU`) VALUES (1036799259439140864, 1038269512086065152, '-1,0,1038269512086065152,', '报表填报', '/admin/ptms/reportinstance/reportInstance/newList', NULL, '', 1, 2, 2, '', NULL, 1, NULL, '', 0, '李峰', '2018-9-4 10:13:01', 0, '李峰', '2018-11-21 09:57:10', NULL, '0', '', '');
INSERT INTO `sys_menu` (`ID`, `PARENT_ID`, `PARENT_IDS`, `NAME`, `HREF`, `TARGET`, `ICON_CLASS`, `SORT`, `LEVEL`, `TYPE`, `QUICK_MENU`, `TOP_MENU`, `IS_SHOW`, `IS_ACTIVITI`, `PERMISSION`, `CREATE_ID`, `CREATE_NAME`, `CREATE_DATE`, `UPDATE_ID`, `UPDATE_NAME`, `UPDATE_DATE`, `REMARKS`, `DEL_FLAG`, `DEGREE`, `SUB_MENU`) VALUES (1038269512086065152, 0, '-1,0,', '填报', '', NULL, 'iconfont icon-pencil', 3, 1, 1, '', NULL, 1, NULL, '', 0, '李峰', '2018-9-8 11:35:16', 0, '李峰', '2018-9-10 15:09:46', NULL, '0', '', '');
INSERT INTO `sys_menu` (`ID`, `PARENT_ID`, `PARENT_IDS`, `NAME`, `HREF`, `TARGET`, `ICON_CLASS`, `SORT`, `LEVEL`, `TYPE`, `QUICK_MENU`, `TOP_MENU`, `IS_SHOW`, `IS_ACTIVITI`, `PERMISSION`, `CREATE_ID`, `CREATE_NAME`, `CREATE_DATE`, `UPDATE_ID`, `UPDATE_NAME`, `UPDATE_DATE`, `REMARKS`, `DEL_FLAG`, `DEGREE`, `SUB_MENU`) VALUES (1038269572093972480, 0, '-1,0,', '计税', '', NULL, 'iconfont icon-jisuanqi', 3, 1, 1, '', NULL, 1, NULL, '', 0, '李峰', '2018-9-8 11:35:31', 0, '李峰', '2018-9-10 15:59:50', NULL, '0', '', '');
INSERT INTO `sys_menu` (`ID`, `PARENT_ID`, `PARENT_IDS`, `NAME`, `HREF`, `TARGET`, `ICON_CLASS`, `SORT`, `LEVEL`, `TYPE`, `QUICK_MENU`, `TOP_MENU`, `IS_SHOW`, `IS_ACTIVITI`, `PERMISSION`, `CREATE_ID`, `CREATE_NAME`, `CREATE_DATE`, `UPDATE_ID`, `UPDATE_NAME`, `UPDATE_DATE`, `REMARKS`, `DEL_FLAG`, `DEGREE`, `SUB_MENU`) VALUES (1038269816663838720, 0, '-1,0,', '申报', '', NULL, 'iconfont icon-shuiwu', 5, 1, 1, '', NULL, 1, NULL, '', 0, '李峰', '2018-9-8 11:36:29', 0, '李峰', '2018-9-28 15:49:00', NULL, '0', '', '');
INSERT INTO `sys_menu` (`ID`, `PARENT_ID`, `PARENT_IDS`, `NAME`, `HREF`, `TARGET`, `ICON_CLASS`, `SORT`, `LEVEL`, `TYPE`, `QUICK_MENU`, `TOP_MENU`, `IS_SHOW`, `IS_ACTIVITI`, `PERMISSION`, `CREATE_ID`, `CREATE_NAME`, `CREATE_DATE`, `UPDATE_ID`, `UPDATE_NAME`, `UPDATE_DATE`, `REMARKS`, `DEL_FLAG`, `DEGREE`, `SUB_MENU`) VALUES (1038269950541828096, 0, '-1,0,', '统计', '', NULL, 'iconfont icon-report', 6, 1, 1, '', NULL, 1, NULL, '', 0, '李峰', '2018-9-8 11:37:01', 0, '李峰', '2018-11-21 09:53:33', NULL, '0', '', '');
INSERT INTO `sys_menu` (`ID`, `PARENT_ID`, `PARENT_IDS`, `NAME`, `HREF`, `TARGET`, `ICON_CLASS`, `SORT`, `LEVEL`, `TYPE`, `QUICK_MENU`, `TOP_MENU`, `IS_SHOW`, `IS_ACTIVITI`, `PERMISSION`, `CREATE_ID`, `CREATE_NAME`, `CREATE_DATE`, `UPDATE_ID`, `UPDATE_NAME`, `UPDATE_DATE`, `REMARKS`, `DEL_FLAG`, `DEGREE`, `SUB_MENU`) VALUES (1039046407652249600, 0, '-1,0,', '设置', '', NULL, 'iconfont icon-config', 98, 1, 1, '', NULL, 1, NULL, '', 0, '李峰', '2018-9-10 15:02:23', 0, '李峰', '2018-9-10 15:37:33', NULL, '0', '', '');
INSERT INTO `sys_menu` (`ID`, `PARENT_ID`, `PARENT_IDS`, `NAME`, `HREF`, `TARGET`, `ICON_CLASS`, `SORT`, `LEVEL`, `TYPE`, `QUICK_MENU`, `TOP_MENU`, `IS_SHOW`, `IS_ACTIVITI`, `PERMISSION`, `CREATE_ID`, `CREATE_NAME`, `CREATE_DATE`, `UPDATE_ID`, `UPDATE_NAME`, `UPDATE_DATE`, `REMARKS`, `DEL_FLAG`, `DEGREE`, `SUB_MENU`) VALUES (1039878358617427968, 1039046407652249600, '-1,0,1039046407652249600,', '报表管理人员设置', '/admin/ptms/reportinstance/ptmsrole/view', NULL, '', 1, 2, 2, '', NULL, 1, NULL, '', 0, '李峰', '2018-9-12 22:08:15', 0, '李峰', '2018-10-9 15:35:57', NULL, '0', '', '');
INSERT INTO `sys_menu` (`ID`, `PARENT_ID`, `PARENT_IDS`, `NAME`, `HREF`, `TARGET`, `ICON_CLASS`, `SORT`, `LEVEL`, `TYPE`, `QUICK_MENU`, `TOP_MENU`, `IS_SHOW`, `IS_ACTIVITI`, `PERMISSION`, `CREATE_ID`, `CREATE_NAME`, `CREATE_DATE`, `UPDATE_ID`, `UPDATE_NAME`, `UPDATE_DATE`, `REMARKS`, `DEL_FLAG`, `DEGREE`, `SUB_MENU`) VALUES (1040517572782592000, 1038269950541828096, '-1,0,1038269950541828096,', '员工工资薪酬所得报表', '/admin/ptms/reportcenter/salaryYearMonthReport/list', NULL, '', 1, 2, 2, '', NULL, 1, NULL, '', 0, '李峰', '2018-9-14 16:28:16', 0, '李峰', '2018-11-21 09:53:33', NULL, '0', '', '');
INSERT INTO `sys_menu` (`ID`, `PARENT_ID`, `PARENT_IDS`, `NAME`, `HREF`, `TARGET`, `ICON_CLASS`, `SORT`, `LEVEL`, `TYPE`, `QUICK_MENU`, `TOP_MENU`, `IS_SHOW`, `IS_ACTIVITI`, `PERMISSION`, `CREATE_ID`, `CREATE_NAME`, `CREATE_DATE`, `UPDATE_ID`, `UPDATE_NAME`, `UPDATE_DATE`, `REMARKS`, `DEL_FLAG`, `DEGREE`, `SUB_MENU`) VALUES (1045580535642066944, 1038269816663838720, '-1,0,1038269816663838720,', '纳税申报', '', NULL, '', 1, 2, 1, '', NULL, 1, NULL, '', 0, '李峰', '2018-9-28 15:46:40', 0, '李峰', '2018-9-28 15:50:43', NULL, '0', '', '');
INSERT INTO `sys_menu` (`ID`, `PARENT_ID`, `PARENT_IDS`, `NAME`, `HREF`, `TARGET`, `ICON_CLASS`, `SORT`, `LEVEL`, `TYPE`, `QUICK_MENU`, `TOP_MENU`, `IS_SHOW`, `IS_ACTIVITI`, `PERMISSION`, `CREATE_ID`, `CREATE_NAME`, `CREATE_DATE`, `UPDATE_ID`, `UPDATE_NAME`, `UPDATE_DATE`, `REMARKS`, `DEL_FLAG`, `DEGREE`, `SUB_MENU`) VALUES (1045581061515513856, 1038269572093972480, '-1,0,1038269572093972480,', '个人所得税减免税事项报告表', '/admin/ptms/reduction/taxReduction/list', NULL, '', 10, 2, 2, '', NULL, 0, NULL, '', 0, '李峰', '2018-9-28 15:48:46', 0, '李峰', '2018-11-12 16:43:02', NULL, '0', '', '');
INSERT INTO `sys_menu` (`ID`, `PARENT_ID`, `PARENT_IDS`, `NAME`, `HREF`, `TARGET`, `ICON_CLASS`, `SORT`, `LEVEL`, `TYPE`, `QUICK_MENU`, `TOP_MENU`, `IS_SHOW`, `IS_ACTIVITI`, `PERMISSION`, `CREATE_ID`, `CREATE_NAME`, `CREATE_DATE`, `UPDATE_ID`, `UPDATE_NAME`, `UPDATE_DATE`, `REMARKS`, `DEL_FLAG`, `DEGREE`, `SUB_MENU`) VALUES (1045581623040544768, 1045580535642066944, '-1,0,1038269816663838720,1045580535642066944,', '纳税申报表', '/admin/ptms/reportinstance/taxDeclaration/list', NULL, '', 1, 3, 2, '', NULL, 1, NULL, '', 0, '李峰', '2018-9-28 15:51:00', 0, '李峰', '2018-9-28 15:51:00', NULL, '0', '', '');
INSERT INTO `sys_menu` (`ID`, `PARENT_ID`, `PARENT_IDS`, `NAME`, `HREF`, `TARGET`, `ICON_CLASS`, `SORT`, `LEVEL`, `TYPE`, `QUICK_MENU`, `TOP_MENU`, `IS_SHOW`, `IS_ACTIVITI`, `PERMISSION`, `CREATE_ID`, `CREATE_NAME`, `CREATE_DATE`, `UPDATE_ID`, `UPDATE_NAME`, `UPDATE_DATE`, `REMARKS`, `DEL_FLAG`, `DEGREE`, `SUB_MENU`) VALUES (1049230073263165440, 1039046407652249600, '-1,0,1039046407652249600,', '减税事项性质', '/admin/ptms/reduction/reductionItemNature/list', NULL, '', 1, 2, 2, '', NULL, 1, NULL, '', 0, '李峰', '2018-10-8 17:28:38', 0, '李峰', '2018-10-8 17:28:38', NULL, '0', '', '');
INSERT INTO `sys_menu` (`ID`, `PARENT_ID`, `PARENT_IDS`, `NAME`, `HREF`, `TARGET`, `ICON_CLASS`, `SORT`, `LEVEL`, `TYPE`, `QUICK_MENU`, `TOP_MENU`, `IS_SHOW`, `IS_ACTIVITI`, `PERMISSION`, `CREATE_ID`, `CREATE_NAME`, `CREATE_DATE`, `UPDATE_ID`, `UPDATE_NAME`, `UPDATE_DATE`, `REMARKS`, `DEL_FLAG`, `DEGREE`, `SUB_MENU`) VALUES (1059371572625805312, 1059372342280589312, '-1,0,1059372342280589312,', '专项附加扣除', '', NULL, '', 1, 2, 1, '', NULL, 1, NULL, '', 0, '李峰', '2018-11-5 17:07:20', 0, '李峰', '2018-11-15 10:53:03', NULL, '0', '', '');
INSERT INTO `sys_menu` (`ID`, `PARENT_ID`, `PARENT_IDS`, `NAME`, `HREF`, `TARGET`, `ICON_CLASS`, `SORT`, `LEVEL`, `TYPE`, `QUICK_MENU`, `TOP_MENU`, `IS_SHOW`, `IS_ACTIVITI`, `PERMISSION`, `CREATE_ID`, `CREATE_NAME`, `CREATE_DATE`, `UPDATE_ID`, `UPDATE_NAME`, `UPDATE_DATE`, `REMARKS`, `DEL_FLAG`, `DEGREE`, `SUB_MENU`) VALUES (1059371690989064192, 1064720394222702592, '-1,0,1059372342280589312,1064720394222702592,', '商业健康保险', '/admin/ptms/deduction/healthInsurance/listFinance', NULL, '', 1, 3, 2, '', NULL, 1, NULL, '', 0, '李峰', '2018-11-5 17:07:48', 0, '李峰', '2018-11-20 11:23:06', NULL, '0', '', '');
INSERT INTO `sys_menu` (`ID`, `PARENT_ID`, `PARENT_IDS`, `NAME`, `HREF`, `TARGET`, `ICON_CLASS`, `SORT`, `LEVEL`, `TYPE`, `QUICK_MENU`, `TOP_MENU`, `IS_SHOW`, `IS_ACTIVITI`, `PERMISSION`, `CREATE_ID`, `CREATE_NAME`, `CREATE_DATE`, `UPDATE_ID`, `UPDATE_NAME`, `UPDATE_DATE`, `REMARKS`, `DEL_FLAG`, `DEGREE`, `SUB_MENU`) VALUES (1059371821817794560, 1064720394222702592, '-1,0,1059372342280589312,1064720394222702592,', '递延型商业养老保险', '/admin/ptms/deduction/deferredInsurance/listFinance', NULL, '', 2, 3, 2, '', NULL, 1, NULL, '', 0, '李峰', '2018-11-5 17:08:19', 0, '李峰', '2018-11-20 11:22:39', NULL, '0', '', '');
INSERT INTO `sys_menu` (`ID`, `PARENT_ID`, `PARENT_IDS`, `NAME`, `HREF`, `TARGET`, `ICON_CLASS`, `SORT`, `LEVEL`, `TYPE`, `QUICK_MENU`, `TOP_MENU`, `IS_SHOW`, `IS_ACTIVITI`, `PERMISSION`, `CREATE_ID`, `CREATE_NAME`, `CREATE_DATE`, `UPDATE_ID`, `UPDATE_NAME`, `UPDATE_DATE`, `REMARKS`, `DEL_FLAG`, `DEGREE`, `SUB_MENU`) VALUES (1059372342280589312, 0, '-1,0,', '税前扣除', '', NULL, 'iconfont icon-xialajiantou', 3, 1, 1, '', NULL, 1, NULL, '', 0, '李峰', '2018-11-5 17:10:23', 0, '李峰', '2018-11-5 17:12:00', NULL, '0', '', '');
INSERT INTO `sys_menu` (`ID`, `PARENT_ID`, `PARENT_IDS`, `NAME`, `HREF`, `TARGET`, `ICON_CLASS`, `SORT`, `LEVEL`, `TYPE`, `QUICK_MENU`, `TOP_MENU`, `IS_SHOW`, `IS_ACTIVITI`, `PERMISSION`, `CREATE_ID`, `CREATE_NAME`, `CREATE_DATE`, `UPDATE_ID`, `UPDATE_NAME`, `UPDATE_DATE`, `REMARKS`, `DEL_FLAG`, `DEGREE`, `SUB_MENU`) VALUES (1060468226481328128, 0, '-1,0,', '税前扣除', '', NULL, 'iconfont icon-free', 3, 1, 1, '', NULL, 1, NULL, '', 0, '李峰', '2018-11-8 17:45:02', 0, '李峰', '2018-11-8 17:59:42', NULL, '0', '', '');
INSERT INTO `sys_menu` (`ID`, `PARENT_ID`, `PARENT_IDS`, `NAME`, `HREF`, `TARGET`, `ICON_CLASS`, `SORT`, `LEVEL`, `TYPE`, `QUICK_MENU`, `TOP_MENU`, `IS_SHOW`, `IS_ACTIVITI`, `PERMISSION`, `CREATE_ID`, `CREATE_NAME`, `CREATE_DATE`, `UPDATE_ID`, `UPDATE_NAME`, `UPDATE_DATE`, `REMARKS`, `DEL_FLAG`, `DEGREE`, `SUB_MENU`) VALUES (1060469916001505280, 1060468226481328128, '-1,0,1060468226481328128,', '专项附加扣除', '', NULL, '', 1, 2, 1, '', NULL, 1, NULL, '', 0, '李峰', '2018-11-8 17:51:45', 0, '李峰', '2018-11-13 16:29:04', NULL, '0', '', '');
INSERT INTO `sys_menu` (`ID`, `PARENT_ID`, `PARENT_IDS`, `NAME`, `HREF`, `TARGET`, `ICON_CLASS`, `SORT`, `LEVEL`, `TYPE`, `QUICK_MENU`, `TOP_MENU`, `IS_SHOW`, `IS_ACTIVITI`, `PERMISSION`, `CREATE_ID`, `CREATE_NAME`, `CREATE_DATE`, `UPDATE_ID`, `UPDATE_NAME`, `UPDATE_DATE`, `REMARKS`, `DEL_FLAG`, `DEGREE`, `SUB_MENU`) VALUES (1060470152874823680, 1062261246637772800, '-1,0,1060468226481328128,1062261246637772800,', '递延商业养老保险', '/admin/ptms/deduction/deferredInsurance/list', NULL, '', 2, 3, 2, '', NULL, 1, NULL, '', 0, '李峰', '2018-11-8 17:52:42', 0, '李峰', '2018-11-20 11:17:50', NULL, '0', '', '');
INSERT INTO `sys_menu` (`ID`, `PARENT_ID`, `PARENT_IDS`, `NAME`, `HREF`, `TARGET`, `ICON_CLASS`, `SORT`, `LEVEL`, `TYPE`, `QUICK_MENU`, `TOP_MENU`, `IS_SHOW`, `IS_ACTIVITI`, `PERMISSION`, `CREATE_ID`, `CREATE_NAME`, `CREATE_DATE`, `UPDATE_ID`, `UPDATE_NAME`, `UPDATE_DATE`, `REMARKS`, `DEL_FLAG`, `DEGREE`, `SUB_MENU`) VALUES (1060470324082118656, 1062261246637772800, '-1,0,1060468226481328128,1062261246637772800,', '商业健康保险', '/admin/ptms/deduction/healthInsurance/list', NULL, '', 1, 3, 2, '', NULL, 1, NULL, '', 0, '李峰', '2018-11-8 17:53:23', 0, '李峰', '2018-11-20 11:17:58', NULL, '0', '', '');
INSERT INTO `sys_menu` (`ID`, `PARENT_ID`, `PARENT_IDS`, `NAME`, `HREF`, `TARGET`, `ICON_CLASS`, `SORT`, `LEVEL`, `TYPE`, `QUICK_MENU`, `TOP_MENU`, `IS_SHOW`, `IS_ACTIVITI`, `PERMISSION`, `CREATE_ID`, `CREATE_NAME`, `CREATE_DATE`, `UPDATE_ID`, `UPDATE_NAME`, `UPDATE_DATE`, `REMARKS`, `DEL_FLAG`, `DEGREE`, `SUB_MENU`) VALUES (1062260795481657344, 1060469916001505280, '-1,0,1060468226481328128,1060469916001505280,', '子女教育支出', '/admin/ptms/deduction/specialMain/form?specialType=CHILDREN', NULL, '', 1, 3, 2, '', NULL, 1, NULL, '', 0, '李峰', '2018-11-13 16:28:04', 0, '李峰', '2018-11-15 09:13:51', NULL, '0', '', '');
INSERT INTO `sys_menu` (`ID`, `PARENT_ID`, `PARENT_IDS`, `NAME`, `HREF`, `TARGET`, `ICON_CLASS`, `SORT`, `LEVEL`, `TYPE`, `QUICK_MENU`, `TOP_MENU`, `IS_SHOW`, `IS_ACTIVITI`, `PERMISSION`, `CREATE_ID`, `CREATE_NAME`, `CREATE_DATE`, `UPDATE_ID`, `UPDATE_NAME`, `UPDATE_DATE`, `REMARKS`, `DEL_FLAG`, `DEGREE`, `SUB_MENU`) VALUES (1062261246637772800, 1060468226481328128, '-1,0,1060468226481328128,', '依法确定的其他扣除', '', NULL, '', 2, 2, 1, '', NULL, 1, NULL, '', 0, '李峰', '2018-11-13 16:29:52', 0, '李峰', '2018-11-13 16:29:56', NULL, '0', '', '');
INSERT INTO `sys_menu` (`ID`, `PARENT_ID`, `PARENT_IDS`, `NAME`, `HREF`, `TARGET`, `ICON_CLASS`, `SORT`, `LEVEL`, `TYPE`, `QUICK_MENU`, `TOP_MENU`, `IS_SHOW`, `IS_ACTIVITI`, `PERMISSION`, `CREATE_ID`, `CREATE_NAME`, `CREATE_DATE`, `UPDATE_ID`, `UPDATE_NAME`, `UPDATE_DATE`, `REMARKS`, `DEL_FLAG`, `DEGREE`, `SUB_MENU`) VALUES (1062901186912456704, 1059371572625805312, '-1,0,1059372342280589312,1059371572625805312,', '子女教育支出', '/admin/ptms/deduction/specialMain/list?specialType=CHILDREN', NULL, '', 1, 3, 2, '', NULL, 1, NULL, '', 0, '李峰', '2018-11-15 10:52:45', 0, '李峰', '2018-11-15 10:53:03', NULL, '0', '', '');
INSERT INTO `sys_menu` (`ID`, `PARENT_ID`, `PARENT_IDS`, `NAME`, `HREF`, `TARGET`, `ICON_CLASS`, `SORT`, `LEVEL`, `TYPE`, `QUICK_MENU`, `TOP_MENU`, `IS_SHOW`, `IS_ACTIVITI`, `PERMISSION`, `CREATE_ID`, `CREATE_NAME`, `CREATE_DATE`, `UPDATE_ID`, `UPDATE_NAME`, `UPDATE_DATE`, `REMARKS`, `DEL_FLAG`, `DEGREE`, `SUB_MENU`) VALUES (1063006154701017088, 1060469916001505280, '-1,0,1060468226481328128,1060469916001505280,', '租房租金支出', '/admin/ptms/deduction/specialMain/form?specialType=HOUSING_RENT', NULL, '', 2, 3, 2, '', NULL, 1, NULL, '', 0, '李峰', '2018-11-15 17:49:52', 0, '李峰', '2018-11-15 17:52:41', NULL, '0', '', '');
INSERT INTO `sys_menu` (`ID`, `PARENT_ID`, `PARENT_IDS`, `NAME`, `HREF`, `TARGET`, `ICON_CLASS`, `SORT`, `LEVEL`, `TYPE`, `QUICK_MENU`, `TOP_MENU`, `IS_SHOW`, `IS_ACTIVITI`, `PERMISSION`, `CREATE_ID`, `CREATE_NAME`, `CREATE_DATE`, `UPDATE_ID`, `UPDATE_NAME`, `UPDATE_DATE`, `REMARKS`, `DEL_FLAG`, `DEGREE`, `SUB_MENU`) VALUES (1063006494108291072, 1060469916001505280, '-1,0,1060468226481328128,1060469916001505280,', '住房贷款利息支出', '/admin/ptms/deduction/specialMain/form?specialType=LOAN_INTERES', NULL, '', 3, 3, 2, '', NULL, 1, NULL, '', 0, '李峰', '2018-11-15 17:51:13', 0, '李峰', '2018-11-15 17:51:13', NULL, '0', '', '');
INSERT INTO `sys_menu` (`ID`, `PARENT_ID`, `PARENT_IDS`, `NAME`, `HREF`, `TARGET`, `ICON_CLASS`, `SORT`, `LEVEL`, `TYPE`, `QUICK_MENU`, `TOP_MENU`, `IS_SHOW`, `IS_ACTIVITI`, `PERMISSION`, `CREATE_ID`, `CREATE_NAME`, `CREATE_DATE`, `UPDATE_ID`, `UPDATE_NAME`, `UPDATE_DATE`, `REMARKS`, `DEL_FLAG`, `DEGREE`, `SUB_MENU`) VALUES (1063006823910608896, 1060469916001505280, '-1,0,1060468226481328128,1060469916001505280,', '赡养老人支出', '/admin/ptms/deduction/specialMain/form?specialType=SUPPORT_ELDERLY', NULL, '', 4, 3, 2, '', NULL, 1, NULL, '', 0, '李峰', '2018-11-15 17:52:31', 0, '李峰', '2018-11-15 17:52:31', NULL, '0', '', '');
INSERT INTO `sys_menu` (`ID`, `PARENT_ID`, `PARENT_IDS`, `NAME`, `HREF`, `TARGET`, `ICON_CLASS`, `SORT`, `LEVEL`, `TYPE`, `QUICK_MENU`, `TOP_MENU`, `IS_SHOW`, `IS_ACTIVITI`, `PERMISSION`, `CREATE_ID`, `CREATE_NAME`, `CREATE_DATE`, `UPDATE_ID`, `UPDATE_NAME`, `UPDATE_DATE`, `REMARKS`, `DEL_FLAG`, `DEGREE`, `SUB_MENU`) VALUES (1063007094468382720, 1060469916001505280, '-1,0,1060468226481328128,1060469916001505280,', '赡养老人支出（共同赡养人信息）', '/admin/ptms/deduction/specialMain/form?specialType=SUPPORT_ELDERLY_COMMON', NULL, '', 5, 3, 2, '', NULL, 1, NULL, '', 0, '李峰', '2018-11-15 17:53:36', 0, '李峰', '2018-11-15 17:53:36', NULL, '0', '', '');
INSERT INTO `sys_menu` (`ID`, `PARENT_ID`, `PARENT_IDS`, `NAME`, `HREF`, `TARGET`, `ICON_CLASS`, `SORT`, `LEVEL`, `TYPE`, `QUICK_MENU`, `TOP_MENU`, `IS_SHOW`, `IS_ACTIVITI`, `PERMISSION`, `CREATE_ID`, `CREATE_NAME`, `CREATE_DATE`, `UPDATE_ID`, `UPDATE_NAME`, `UPDATE_DATE`, `REMARKS`, `DEL_FLAG`, `DEGREE`, `SUB_MENU`) VALUES (1063007395837513728, 1060469916001505280, '-1,0,1060468226481328128,1060469916001505280,', '继续教育支出（学历教育）', '/admin/ptms/deduction/specialMain/form?specialType=CONTINUING', NULL, '', 6, 3, 2, '', NULL, 1, NULL, '', 0, '李峰', '2018-11-15 17:54:48', 0, '李峰', '2018-11-15 17:54:48', NULL, '0', '', '');
INSERT INTO `sys_menu` (`ID`, `PARENT_ID`, `PARENT_IDS`, `NAME`, `HREF`, `TARGET`, `ICON_CLASS`, `SORT`, `LEVEL`, `TYPE`, `QUICK_MENU`, `TOP_MENU`, `IS_SHOW`, `IS_ACTIVITI`, `PERMISSION`, `CREATE_ID`, `CREATE_NAME`, `CREATE_DATE`, `UPDATE_ID`, `UPDATE_NAME`, `UPDATE_DATE`, `REMARKS`, `DEL_FLAG`, `DEGREE`, `SUB_MENU`) VALUES (1063007548149469184, 1060469916001505280, '-1,0,1060468226481328128,1060469916001505280,', '继续教育支出（非学历教育）', '/admin/ptms/deduction/specialMain/form?specialType=CONTINUING_OCC', NULL, '', 7, 3, 2, '', NULL, 1, NULL, '', 0, '李峰', '2018-11-15 17:55:24', 0, '李峰', '2018-11-15 17:55:24', NULL, '0', '', '');
INSERT INTO `sys_menu` (`ID`, `PARENT_ID`, `PARENT_IDS`, `NAME`, `HREF`, `TARGET`, `ICON_CLASS`, `SORT`, `LEVEL`, `TYPE`, `QUICK_MENU`, `TOP_MENU`, `IS_SHOW`, `IS_ACTIVITI`, `PERMISSION`, `CREATE_ID`, `CREATE_NAME`, `CREATE_DATE`, `UPDATE_ID`, `UPDATE_NAME`, `UPDATE_DATE`, `REMARKS`, `DEL_FLAG`, `DEGREE`, `SUB_MENU`) VALUES (1063362697149681664, 1059371572625805312, '-1,0,1059372342280589312,1059371572625805312,', '住房租金支出', '/admin/ptms/deduction/specialMain/list?specialType=HOUSING_RENT', NULL, '', 2, 3, 2, '', NULL, 1, NULL, '', 0, '李峰', '2018-11-16 17:26:38', 0, '李峰', '2018-11-16 17:26:38', NULL, '0', '', '');
INSERT INTO `sys_menu` (`ID`, `PARENT_ID`, `PARENT_IDS`, `NAME`, `HREF`, `TARGET`, `ICON_CLASS`, `SORT`, `LEVEL`, `TYPE`, `QUICK_MENU`, `TOP_MENU`, `IS_SHOW`, `IS_ACTIVITI`, `PERMISSION`, `CREATE_ID`, `CREATE_NAME`, `CREATE_DATE`, `UPDATE_ID`, `UPDATE_NAME`, `UPDATE_DATE`, `REMARKS`, `DEL_FLAG`, `DEGREE`, `SUB_MENU`) VALUES (1063362808093216768, 1059371572625805312, '-1,0,1059372342280589312,1059371572625805312,', '住房贷款利息支出', '/admin/ptms/deduction/specialMain/list?specialType=LOAN_INTERES', NULL, '', 3, 3, 2, '', NULL, 1, NULL, '', 0, '李峰', '2018-11-16 17:27:04', 0, '李峰', '2018-11-16 17:27:20', NULL, '0', '', '');
INSERT INTO `sys_menu` (`ID`, `PARENT_ID`, `PARENT_IDS`, `NAME`, `HREF`, `TARGET`, `ICON_CLASS`, `SORT`, `LEVEL`, `TYPE`, `QUICK_MENU`, `TOP_MENU`, `IS_SHOW`, `IS_ACTIVITI`, `PERMISSION`, `CREATE_ID`, `CREATE_NAME`, `CREATE_DATE`, `UPDATE_ID`, `UPDATE_NAME`, `UPDATE_DATE`, `REMARKS`, `DEL_FLAG`, `DEGREE`, `SUB_MENU`) VALUES (1063362980995010560, 1059371572625805312, '-1,0,1059372342280589312,1059371572625805312,', '赡养老人支出', '/admin/ptms/deduction/specialMain/list?specialType=SUPPORT_ELDERLY', NULL, '', 4, 3, 2, '', NULL, 1, NULL, '', 0, '李峰', '2018-11-16 17:27:46', 0, '李峰', '2018-11-16 17:27:46', NULL, '0', '', '');
INSERT INTO `sys_menu` (`ID`, `PARENT_ID`, `PARENT_IDS`, `NAME`, `HREF`, `TARGET`, `ICON_CLASS`, `SORT`, `LEVEL`, `TYPE`, `QUICK_MENU`, `TOP_MENU`, `IS_SHOW`, `IS_ACTIVITI`, `PERMISSION`, `CREATE_ID`, `CREATE_NAME`, `CREATE_DATE`, `UPDATE_ID`, `UPDATE_NAME`, `UPDATE_DATE`, `REMARKS`, `DEL_FLAG`, `DEGREE`, `SUB_MENU`) VALUES (1063363080274186240, 1059371572625805312, '-1,0,1059372342280589312,1059371572625805312,', '赡养老人支出（共同赡养人信息）', '/admin/ptms/deduction/specialMain/list?specialType=SUPPORT_ELDERLY_COMMON', NULL, '', 5, 3, 2, '', NULL, 1, NULL, '', 0, '李峰', '2018-11-16 17:28:09', 0, '李峰', '2018-11-16 17:28:09', NULL, '0', '', '');
INSERT INTO `sys_menu` (`ID`, `PARENT_ID`, `PARENT_IDS`, `NAME`, `HREF`, `TARGET`, `ICON_CLASS`, `SORT`, `LEVEL`, `TYPE`, `QUICK_MENU`, `TOP_MENU`, `IS_SHOW`, `IS_ACTIVITI`, `PERMISSION`, `CREATE_ID`, `CREATE_NAME`, `CREATE_DATE`, `UPDATE_ID`, `UPDATE_NAME`, `UPDATE_DATE`, `REMARKS`, `DEL_FLAG`, `DEGREE`, `SUB_MENU`) VALUES (1063363198679388160, 1059371572625805312, '-1,0,1059372342280589312,1059371572625805312,', '继续教育支出（学历教育）', '/admin/ptms/deduction/specialMain/list?specialType=CONTINUING', NULL, '', 6, 3, 2, '', NULL, 1, NULL, '', 0, '李峰', '2018-11-16 17:28:38', 0, '李峰', '2018-11-19 09:28:30', NULL, '0', '', '');
INSERT INTO `sys_menu` (`ID`, `PARENT_ID`, `PARENT_IDS`, `NAME`, `HREF`, `TARGET`, `ICON_CLASS`, `SORT`, `LEVEL`, `TYPE`, `QUICK_MENU`, `TOP_MENU`, `IS_SHOW`, `IS_ACTIVITI`, `PERMISSION`, `CREATE_ID`, `CREATE_NAME`, `CREATE_DATE`, `UPDATE_ID`, `UPDATE_NAME`, `UPDATE_DATE`, `REMARKS`, `DEL_FLAG`, `DEGREE`, `SUB_MENU`) VALUES (1063363298080198656, 1059371572625805312, '-1,0,1059372342280589312,1059371572625805312,', '继续教育支出（非学历教育）', '/admin/ptms/deduction/specialMain/list?specialType=CONTINUING_OCC', NULL, '', 7, 3, 2, '', NULL, 1, NULL, '', 0, '李峰', '2018-11-16 17:29:01', 0, '李峰', '2018-11-16 17:29:01', NULL, '0', '', '');
INSERT INTO `sys_menu` (`ID`, `PARENT_ID`, `PARENT_IDS`, `NAME`, `HREF`, `TARGET`, `ICON_CLASS`, `SORT`, `LEVEL`, `TYPE`, `QUICK_MENU`, `TOP_MENU`, `IS_SHOW`, `IS_ACTIVITI`, `PERMISSION`, `CREATE_ID`, `CREATE_NAME`, `CREATE_DATE`, `UPDATE_ID`, `UPDATE_NAME`, `UPDATE_DATE`, `REMARKS`, `DEL_FLAG`, `DEGREE`, `SUB_MENU`) VALUES (1064720394222702592, 1059372342280589312, '-1,0,1059372342280589312,', '依法确定的其他扣除', '', NULL, '', 2, 2, 1, '', NULL, 1, NULL, '', 0, '李峰', '2018-11-20 11:21:38', 0, '李峰', '2018-11-20 11:21:38', NULL, '0', '', '');
INSERT INTO `sys_menu` (`ID`, `PARENT_ID`, `PARENT_IDS`, `NAME`, `HREF`, `TARGET`, `ICON_CLASS`, `SORT`, `LEVEL`, `TYPE`, `QUICK_MENU`, `TOP_MENU`, `IS_SHOW`, `IS_ACTIVITI`, `PERMISSION`, `CREATE_ID`, `CREATE_NAME`, `CREATE_DATE`, `UPDATE_ID`, `UPDATE_NAME`, `UPDATE_DATE`, `REMARKS`, `DEL_FLAG`, `DEGREE`, `SUB_MENU`) VALUES (1065062529115492352, 1039046407652249600, '-1,0,1039046407652249600,', '房租租金支出扣除额', '/admin/ptms/deduction/specialHousingRent/form', NULL, '', 1, 2, 2, '', NULL, 1, NULL, '', 0, '李峰', '2018-11-21 10:01:10', 0, '李峰', '2018-11-21 10:01:32', NULL, '0', '', '');